email,password,accessToken
fizjasx55il7m59i99m3ib@test.com,password123,eyJhbGciOiJIUzI1NiIsInR5cCI6IkpXVCJ9.eyJ1c2VySWQiOiI5NWIxMzgyYy0yOTYwLTRiYzAtODAxZS02NmUxMTM2NDQ1MzAiLCJlbWFpbCI6ImZpemphc3g1NWlsN201OWk5OW0zaWJAdGVzdC5jb20iLCJyb2xlIjoiVVNFUiIsImlzQWRtaW4iOmZhbHNlLCJzaWduVXBDb21wbGV0ZWQiOnRydWUsInByb3ZpZGVyIjoiTE9DQUwiLCJpYXQiOjE3NTYwMTk5MTksImV4cCI6MTc1NjEwNjMxOSwiYXVkIjoibWNsYXNzLWNsaWVudCIsImlzcyI6Im1jbGFzcy1zZXJ2ZXIifQ.eVAWD_XA6rOuIeE1SoIpuYETdWoRFuAEaNlHjxeO3P8
1wzb70dll19oqt4s0g3ey@test.com,password123,eyJhbGciOiJIUzI1NiIsInR5cCI6IkpXVCJ9.eyJ1c2VySWQiOiJjMzg1MjQ5Mi1lNTc2LTRmOTAtOWJmYi1mZmI5Y2Q3OGZjZWMiLCJlbWFpbCI6IjF3emI3MGRsbDE5b3F0NHMwZzNleUB0ZXN0LmNvbSIsInJvbGUiOiJVU0VSIiwiaXNBZG1pbiI6ZmFsc2UsInNpZ25VcENvbXBsZXRlZCI6dHJ1ZSwicHJvdmlkZXIiOiJMT0NBTCIsImlhdCI6MTc1NjAxOTkyMCwiZXhwIjoxNzU2MTA2MzIwLCJhdWQiOiJtY2xhc3MtY2xpZW50IiwiaXNzIjoibWNsYXNzLXNlcnZlciJ9.CmIXsSqXHS1__840c0zI-wTKPGbDTUTsFVjSLmsKLlo
68jskb1gd6cyk5p7jphu5@test.com,password123,eyJhbGciOiJIUzI1NiIsInR5cCI6IkpXVCJ9.eyJ1c2VySWQiOiJkODExZTllMC1jMjAzLTQzZGUtYmM1OC05Mzk2YzU2OTk3NTIiLCJlbWFpbCI6IjY4anNrYjFnZDZjeWs1cDdqcGh1NUB0ZXN0LmNvbSIsInJvbGUiOiJVU0VSIiwiaXNBZG1pbiI6ZmFsc2UsInNpZ25VcENvbXBsZXRlZCI6dHJ1ZSwicHJvdmlkZXIiOiJMT0NBTCIsImlhdCI6MTc1NjAxOTkyMCwiZXhwIjoxNzU2MTA2MzIwLCJhdWQiOiJtY2xhc3MtY2xpZW50IiwiaXNzIjoibWNsYXNzLXNlcnZlciJ9.3CuvC0UVD8tnRYnMo17qMfrTTBuMCL40ibCsHLgsWRo
yy2wa2dtcq7z107jvazrc@test.com,password123,eyJhbGciOiJIUzI1NiIsInR5cCI6IkpXVCJ9.eyJ1c2VySWQiOiIzMjU4ZjdmNC1mYWNkLTQ5ZDQtOGMyNC1hYTU1YmM5MmVmODciLCJlbWFpbCI6Inl5MndhMmR0Y3E3ejEwN2p2YXpyY0B0ZXN0LmNvbSIsInJvbGUiOiJVU0VSIiwiaXNBZG1pbiI6ZmFsc2UsInNpZ25VcENvbXBsZXRlZCI6dHJ1ZSwicHJvdmlkZXIiOiJMT0NBTCIsImlhdCI6MTc1NjAxOTkyMSwiZXhwIjoxNzU2MTA2MzIxLCJhdWQiOiJtY2xhc3MtY2xpZW50IiwiaXNzIjoibWNsYXNzLXNlcnZlciJ9.ePmZ9aJKKd8msQNJUhoDUqJXTaNOG4u0QsdMsQux6jo
v5t52m5th9j0d5p57tr5zzt@test.com,password123,eyJhbGciOiJIUzI1NiIsInR5cCI6IkpXVCJ9.eyJ1c2VySWQiOiI4ZWNjZTUxNy02N2I4LTRiMDctYmNhNS0zNWMyMTRjMGM2ZWUiLCJlbWFpbCI6InY1dDUybTV0aDlqMGQ1cDU3dHI1enp0QHRlc3QuY29tIiwicm9sZSI6IlVTRVIiLCJpc0FkbWluIjpmYWxzZSwic2lnblVwQ29tcGxldGVkIjp0cnVlLCJwcm92aWRlciI6IkxPQ0FMIiwiaWF0IjoxNzU2MDE5OTIyLCJleHAiOjE3NTYxMDYzMjIsImF1ZCI6Im1jbGFzcy1jbGllbnQiLCJpc3MiOiJtY2xhc3Mtc2VydmVyIn0.51rN6-3r1Rtn4h-41Efse636-8ZtMBN-pro-wV_yHYM
4ggcbqvbmyrs65gfxt77i@test.com,password123,eyJhbGciOiJIUzI1NiIsInR5cCI6IkpXVCJ9.eyJ1c2VySWQiOiIxNDJlMDcxNi05OGM1LTQ3MDctYTQzMS01YzI3MGFlMmYzNjQiLCJlbWFpbCI6IjRnZ2NicXZibXlyczY1Z2Z4dDc3aUB0ZXN0LmNvbSIsInJvbGUiOiJVU0VSIiwiaXNBZG1pbiI6ZmFsc2UsInNpZ25VcENvbXBsZXRlZCI6dHJ1ZSwicHJvdmlkZXIiOiJMT0NBTCIsImlhdCI6MTc1NjAxOTkyMywiZXhwIjoxNzU2MTA2MzIzLCJhdWQiOiJtY2xhc3MtY2xpZW50IiwiaXNzIjoibWNsYXNzLXNlcnZlciJ9.JaPyy_QmnOHdjmVtpuNvvqorxsoVe5cerbLhZmUk9to
3e5glvmderea7famoupk9g@test.com,password123,eyJhbGciOiJIUzI1NiIsInR5cCI6IkpXVCJ9.eyJ1c2VySWQiOiI4YWM4NmE2ZS00OWQ2LTQyOWEtODU1MC01YzkyYTZlYWFkZjMiLCJlbWFpbCI6IjNlNWdsdm1kZXJlYTdmYW1vdXBrOWdAdGVzdC5jb20iLCJyb2xlIjoiVVNFUiIsImlzQWRtaW4iOmZhbHNlLCJzaWduVXBDb21wbGV0ZWQiOnRydWUsInByb3ZpZGVyIjoiTE9DQUwiLCJpYXQiOjE3NTYwMTk5MjQsImV4cCI6MTc1NjEwNjMyNCwiYXVkIjoibWNsYXNzLWNsaWVudCIsImlzcyI6Im1jbGFzcy1zZXJ2ZXIifQ.QUbS5CJn19qqXQc3cw60jigNf1_Zn7A2hFzNY3JXNrs
davpfm7mdgeb9rt73ggx6@test.com,password123,eyJhbGciOiJIUzI1NiIsInR5cCI6IkpXVCJ9.eyJ1c2VySWQiOiJlZWU4OGNjMC0wZDU3LTQ5MzYtODVkOC1iMThlN2FmODk5ODQiLCJlbWFpbCI6ImRhdnBmbTdtZGdlYjlydDczZ2d4NkB0ZXN0LmNvbSIsInJvbGUiOiJVU0VSIiwiaXNBZG1pbiI6ZmFsc2UsInNpZ25VcENvbXBsZXRlZCI6dHJ1ZSwicHJvdmlkZXIiOiJMT0NBTCIsImlhdCI6MTc1NjAxOTkyNSwiZXhwIjoxNzU2MTA2MzI1LCJhdWQiOiJtY2xhc3MtY2xpZW50IiwiaXNzIjoibWNsYXNzLXNlcnZlciJ9._zLi1lfGDz8Bh9zlkKr30eQ4Bn3v2ovyk_Ch7LEzStg
tqfidz08gxmzxgupo1clae@test.com,password123,eyJhbGciOiJIUzI1NiIsInR5cCI6IkpXVCJ9.eyJ1c2VySWQiOiJiNThjMzA2OS00ZmQwLTRlYzUtOTVkZS05NjM5MTI5MmI5ZjgiLCJlbWFpbCI6InRxZmlkejA4Z3htenhndXBvMWNsYWVAdGVzdC5jb20iLCJyb2xlIjoiVVNFUiIsImlzQWRtaW4iOmZhbHNlLCJzaWduVXBDb21wbGV0ZWQiOnRydWUsInByb3ZpZGVyIjoiTE9DQUwiLCJpYXQiOjE3NTYwMTk5MjUsImV4cCI6MTc1NjEwNjMyNSwiYXVkIjoibWNsYXNzLWNsaWVudCIsImlzcyI6Im1jbGFzcy1zZXJ2ZXIifQ.79tNwhayCaQk5lXJol1EQPzfKqSUKV3zRoceQzxDpLI
ip9cl2s5tmrcaldquwbnzv@test.com,password123,eyJhbGciOiJIUzI1NiIsInR5cCI6IkpXVCJ9.eyJ1c2VySWQiOiJiNjJjMTgxZC0wZjkyLTQ5NjEtYjAxMC1hODYyNDVlNjU2NzIiLCJlbWFpbCI6ImlwOWNsMnM1dG1yY2FsZHF1d2JuenZAdGVzdC5jb20iLCJyb2xlIjoiVVNFUiIsImlzQWRtaW4iOmZhbHNlLCJzaWduVXBDb21wbGV0ZWQiOnRydWUsInByb3ZpZGVyIjoiTE9DQUwiLCJpYXQiOjE3NTYwMTk5MjYsImV4cCI6MTc1NjEwNjMyNiwiYXVkIjoibWNsYXNzLWNsaWVudCIsImlzcyI6Im1jbGFzcy1zZXJ2ZXIifQ.A4ZdGLBd7_2qKmmA7wPKNWSkNmdp8Brr567hfbQk9dI
0mmbfmll1iyjqtsvktt4ija@test.com,password123,eyJhbGciOiJIUzI1NiIsInR5cCI6IkpXVCJ9.eyJ1c2VySWQiOiIzMDUzMGFkZC0wNTc5LTQxZjMtOTI3YS05YjUyOWVlZmZjOGYiLCJlbWFpbCI6IjBtbWJmbWxsMWl5anF0c3ZrdHQ0aWphQHRlc3QuY29tIiwicm9sZSI6IlVTRVIiLCJpc0FkbWluIjpmYWxzZSwic2lnblVwQ29tcGxldGVkIjp0cnVlLCJwcm92aWRlciI6IkxPQ0FMIiwiaWF0IjoxNzU2MDE5OTI3LCJleHAiOjE3NTYxMDYzMjcsImF1ZCI6Im1jbGFzcy1jbGllbnQiLCJpc3MiOiJtY2xhc3Mtc2VydmVyIn0.W2rlWddvdRL0276teVJhEe5lVRDlIE6WEMO1moWQIv0
iw56m45469wbxygve00mc@test.com,password123,eyJhbGciOiJIUzI1NiIsInR5cCI6IkpXVCJ9.eyJ1c2VySWQiOiI1YjA2ZWNkMi0zZGY4LTRkMzQtYWM4Zi1mMWY5MGQ4NjZlYmIiLCJlbWFpbCI6Iml3NTZtNDU0Njl3Ynh5Z3ZlMDBtY0B0ZXN0LmNvbSIsInJvbGUiOiJVU0VSIiwiaXNBZG1pbiI6ZmFsc2UsInNpZ25VcENvbXBsZXRlZCI6dHJ1ZSwicHJvdmlkZXIiOiJMT0NBTCIsImlhdCI6MTc1NjAxOTkyOCwiZXhwIjoxNzU2MTA2MzI4LCJhdWQiOiJtY2xhc3MtY2xpZW50IiwiaXNzIjoibWNsYXNzLXNlcnZlciJ9.O2cd_omcHNEafZupiMbaKRF1F3MaA4TKDRK3GDe_OeI
hann7vfwvx9kfort0ctgn@test.com,password123,eyJhbGciOiJIUzI1NiIsInR5cCI6IkpXVCJ9.eyJ1c2VySWQiOiJhNzg2MjViYi04OTUzLTQ4OTEtOTFmNy1mNmU4YTA0OTNkMDIiLCJlbWFpbCI6Imhhbm43dmZ3dng5a2ZvcnQwY3RnbkB0ZXN0LmNvbSIsInJvbGUiOiJVU0VSIiwiaXNBZG1pbiI6ZmFsc2UsInNpZ25VcENvbXBsZXRlZCI6dHJ1ZSwicHJvdmlkZXIiOiJMT0NBTCIsImlhdCI6MTc1NjAxOTkyOSwiZXhwIjoxNzU2MTA2MzI5LCJhdWQiOiJtY2xhc3MtY2xpZW50IiwiaXNzIjoibWNsYXNzLXNlcnZlciJ9.KiKsRfe29N4FnVRLtHv41y_2rkXYPYe_AwBkW-zkKaU
jan5jn79i4enc1utjubqc@test.com,password123,eyJhbGciOiJIUzI1NiIsInR5cCI6IkpXVCJ9.eyJ1c2VySWQiOiIwMjdhYTA4OC0xMTg4LTQ4MjAtODA5Zi1jOWQxODAwODAyNzciLCJlbWFpbCI6ImphbjVqbjc5aTRlbmMxdXRqdWJxY0B0ZXN0LmNvbSIsInJvbGUiOiJVU0VSIiwiaXNBZG1pbiI6ZmFsc2UsInNpZ25VcENvbXBsZXRlZCI6dHJ1ZSwicHJvdmlkZXIiOiJMT0NBTCIsImlhdCI6MTc1NjAxOTkzMCwiZXhwIjoxNzU2MTA2MzMwLCJhdWQiOiJtY2xhc3MtY2xpZW50IiwiaXNzIjoibWNsYXNzLXNlcnZlciJ9.eL8tWCAqI1ujeN3SciKIMR8CtnpSwSZ0TAGlbpEILwo
lk4c36q4i8dg2cblfizxtt@test.com,password123,eyJhbGciOiJIUzI1NiIsInR5cCI6IkpXVCJ9.eyJ1c2VySWQiOiI3OTA2ZDk4MC04YWI5LTQ5Y2ItYmVkMC01NDVlZjY1ZDY5OGYiLCJlbWFpbCI6ImxrNGMzNnE0aThkZzJjYmxmaXp4dHRAdGVzdC5jb20iLCJyb2xlIjoiVVNFUiIsImlzQWRtaW4iOmZhbHNlLCJzaWduVXBDb21wbGV0ZWQiOnRydWUsInByb3ZpZGVyIjoiTE9DQUwiLCJpYXQiOjE3NTYwMTk5MzAsImV4cCI6MTc1NjEwNjMzMCwiYXVkIjoibWNsYXNzLWNsaWVudCIsImlzcyI6Im1jbGFzcy1zZXJ2ZXIifQ.LHB-Ok3bw9NOSieuX0IkexsIBLfrURx472wPYZGdz6Q
fhhmeyfvhhrdfwe9ysxt4i@test.com,password123,eyJhbGciOiJIUzI1NiIsInR5cCI6IkpXVCJ9.eyJ1c2VySWQiOiI2NTBmOTQ2ZC1lMDM2LTQ2ZDgtYTY1YS1mMzAzZWVhZDc5M2QiLCJlbWFpbCI6ImZoaG1leWZ2aGhyZGZ3ZTl5c3h0NGlAdGVzdC5jb20iLCJyb2xlIjoiVVNFUiIsImlzQWRtaW4iOmZhbHNlLCJzaWduVXBDb21wbGV0ZWQiOnRydWUsInByb3ZpZGVyIjoiTE9DQUwiLCJpYXQiOjE3NTYwMTk5MzEsImV4cCI6MTc1NjEwNjMzMSwiYXVkIjoibWNsYXNzLWNsaWVudCIsImlzcyI6Im1jbGFzcy1zZXJ2ZXIifQ.8D6LnNxedurr26sADnl9uSW_6-OCEapWDNxV6eS748E
bhjzjgnm91s4ly7u752z76@test.com,password123,eyJhbGciOiJIUzI1NiIsInR5cCI6IkpXVCJ9.eyJ1c2VySWQiOiI5YmNlYzAzNC00MGY1LTQzNTctOGM3NC1jZmQxM2JkZDI3YjAiLCJlbWFpbCI6ImJoanpqZ25tOTFzNGx5N3U3NTJ6NzZAdGVzdC5jb20iLCJyb2xlIjoiVVNFUiIsImlzQWRtaW4iOmZhbHNlLCJzaWduVXBDb21wbGV0ZWQiOnRydWUsInByb3ZpZGVyIjoiTE9DQUwiLCJpYXQiOjE3NTYwMTk5MzIsImV4cCI6MTc1NjEwNjMzMiwiYXVkIjoibWNsYXNzLWNsaWVudCIsImlzcyI6Im1jbGFzcy1zZXJ2ZXIifQ.85KdkXWU-ni5HvG1KbfxqsU9lAiZf9ekvS8fxndipRk
387687rv1twvjtuweq7xy8@test.com,password123,eyJhbGciOiJIUzI1NiIsInR5cCI6IkpXVCJ9.eyJ1c2VySWQiOiJhY2FmZWI1MS1lNDA5LTQxNjQtYjJkNy02ZDhmNjFlZjY4ZTUiLCJlbWFpbCI6IjM4NzY4N3J2MXR3dmp0dXdlcTd4eThAdGVzdC5jb20iLCJyb2xlIjoiVVNFUiIsImlzQWRtaW4iOmZhbHNlLCJzaWduVXBDb21wbGV0ZWQiOnRydWUsInByb3ZpZGVyIjoiTE9DQUwiLCJpYXQiOjE3NTYwMTk5MzMsImV4cCI6MTc1NjEwNjMzMywiYXVkIjoibWNsYXNzLWNsaWVudCIsImlzcyI6Im1jbGFzcy1zZXJ2ZXIifQ.cLfGssfYzjIcGGd2IPIXbuxd73g8lmhHo9p0FQkTdl0
glp92t5t6z8saa0h713tfm@test.com,password123,eyJhbGciOiJIUzI1NiIsInR5cCI6IkpXVCJ9.eyJ1c2VySWQiOiIxN2NlYTRiMi1lZTE3LTRhYjYtYjgyZC0yNGMwM2JkYTUwNGMiLCJlbWFpbCI6ImdscDkydDV0Nno4c2FhMGg3MTN0Zm1AdGVzdC5jb20iLCJyb2xlIjoiVVNFUiIsImlzQWRtaW4iOmZhbHNlLCJzaWduVXBDb21wbGV0ZWQiOnRydWUsInByb3ZpZGVyIjoiTE9DQUwiLCJpYXQiOjE3NTYwMTk5MzQsImV4cCI6MTc1NjEwNjMzNCwiYXVkIjoibWNsYXNzLWNsaWVudCIsImlzcyI6Im1jbGFzcy1zZXJ2ZXIifQ.-zOXDa5198nK2lQbncsV-VYK3XXzV7RpGsd2Rr9aS8g
k2bymlvb7ecrcvbda9k8j@test.com,password123,eyJhbGciOiJIUzI1NiIsInR5cCI6IkpXVCJ9.eyJ1c2VySWQiOiJmMjY1NjdkYy0zYmJlLTQ0ZDktYWZlNy01MTI3MjkxYjlkNGYiLCJlbWFpbCI6ImsyYnltbHZiN2VjcmN2YmRhOWs4akB0ZXN0LmNvbSIsInJvbGUiOiJVU0VSIiwiaXNBZG1pbiI6ZmFsc2UsInNpZ25VcENvbXBsZXRlZCI6dHJ1ZSwicHJvdmlkZXIiOiJMT0NBTCIsImlhdCI6MTc1NjAxOTkzNCwiZXhwIjoxNzU2MTA2MzM0LCJhdWQiOiJtY2xhc3MtY2xpZW50IiwiaXNzIjoibWNsYXNzLXNlcnZlciJ9.oBebaBpLqNypi8FSsblKYQ3Fj0-JHV-8AOGWK7ci-_k
p465trjkwkgvx1i2ezkka@test.com,password123,eyJhbGciOiJIUzI1NiIsInR5cCI6IkpXVCJ9.eyJ1c2VySWQiOiI4NzBlNGRhMi0yMzQzLTRlZmEtYTQwZC05OWY0ODczZDc3MmQiLCJlbWFpbCI6InA0NjV0cmprd2tndngxaTJlemtrYUB0ZXN0LmNvbSIsInJvbGUiOiJVU0VSIiwiaXNBZG1pbiI6ZmFsc2UsInNpZ25VcENvbXBsZXRlZCI6dHJ1ZSwicHJvdmlkZXIiOiJMT0NBTCIsImlhdCI6MTc1NjAxOTkzNSwiZXhwIjoxNzU2MTA2MzM1LCJhdWQiOiJtY2xhc3MtY2xpZW50IiwiaXNzIjoibWNsYXNzLXNlcnZlciJ9.ysag5Ti6eqCYkVfQ4ujXIfk6K8sbK4NP36RjcI84ZXk
5p0mx8vp10a2c91ufjk4e1@test.com,password123,eyJhbGciOiJIUzI1NiIsInR5cCI6IkpXVCJ9.eyJ1c2VySWQiOiI2Yjg1OGJhYi1lMWIyLTQ3NzctOTU2MS0wYWViOTdiMzBkZDgiLCJlbWFpbCI6IjVwMG14OHZwMTBhMmM5MXVmams0ZTFAdGVzdC5jb20iLCJyb2xlIjoiVVNFUiIsImlzQWRtaW4iOmZhbHNlLCJzaWduVXBDb21wbGV0ZWQiOnRydWUsInByb3ZpZGVyIjoiTE9DQUwiLCJpYXQiOjE3NTYwMTk5MzYsImV4cCI6MTc1NjEwNjMzNiwiYXVkIjoibWNsYXNzLWNsaWVudCIsImlzcyI6Im1jbGFzcy1zZXJ2ZXIifQ.ibAqdV3FkjK9AC361g96-8uZRrtCzXy3-A4xDBHWYBo
g60wenj8x7rqih4wfxlsp@test.com,password123,eyJhbGciOiJIUzI1NiIsInR5cCI6IkpXVCJ9.eyJ1c2VySWQiOiI2NTM1NWU0OC00OGE3LTQzN2EtYmE3Ni1lNzVlMGFjYTNkYTEiLCJlbWFpbCI6Imc2MHdlbmo4eDdycWloNHdmeGxzcEB0ZXN0LmNvbSIsInJvbGUiOiJVU0VSIiwiaXNBZG1pbiI6ZmFsc2UsInNpZ25VcENvbXBsZXRlZCI6dHJ1ZSwicHJvdmlkZXIiOiJMT0NBTCIsImlhdCI6MTc1NjAxOTkzNiwiZXhwIjoxNzU2MTA2MzM2LCJhdWQiOiJtY2xhc3MtY2xpZW50IiwiaXNzIjoibWNsYXNzLXNlcnZlciJ9.gc1rk24XMr2YPYZBkUf-xyVa_kIeTFA709jEgAsVKqI
jgfw3g3xy688zc4kns08gd@test.com,password123,eyJhbGciOiJIUzI1NiIsInR5cCI6IkpXVCJ9.eyJ1c2VySWQiOiIyYjZiMzNlNC0xN2M5LTQ1M2ItODM2OC0zMmJiZDgxYThkYjUiLCJlbWFpbCI6ImpnZnczZzN4eTY4OHpjNGtuczA4Z2RAdGVzdC5jb20iLCJyb2xlIjoiVVNFUiIsImlzQWRtaW4iOmZhbHNlLCJzaWduVXBDb21wbGV0ZWQiOnRydWUsInByb3ZpZGVyIjoiTE9DQUwiLCJpYXQiOjE3NTYwMTk5MzcsImV4cCI6MTc1NjEwNjMzNywiYXVkIjoibWNsYXNzLWNsaWVudCIsImlzcyI6Im1jbGFzcy1zZXJ2ZXIifQ.yPDKpye8Y2KOLvE8p9NNXMx32qLACir18AsHPrU7LrM
uttuphej9h8bjzb59u4me@test.com,password123,eyJhbGciOiJIUzI1NiIsInR5cCI6IkpXVCJ9.eyJ1c2VySWQiOiIyMWVkNzIwNy03NmViLTRlOGYtOTc5MS0yYTM4MzhhMzFkM2YiLCJlbWFpbCI6InV0dHVwaGVqOWg4Ymp6YjU5dTRtZUB0ZXN0LmNvbSIsInJvbGUiOiJVU0VSIiwiaXNBZG1pbiI6ZmFsc2UsInNpZ25VcENvbXBsZXRlZCI6dHJ1ZSwicHJvdmlkZXIiOiJMT0NBTCIsImlhdCI6MTc1NjAxOTkzOSwiZXhwIjoxNzU2MTA2MzM5LCJhdWQiOiJtY2xhc3MtY2xpZW50IiwiaXNzIjoibWNsYXNzLXNlcnZlciJ9.Q8w5l7SBZYZDTwoMkQn44BemsBMHci-ttlMIaOsBZNQ
larereufbiavvu5nww2pl@test.com,password123,eyJhbGciOiJIUzI1NiIsInR5cCI6IkpXVCJ9.eyJ1c2VySWQiOiJhMGU2ZDc1Mi1lYzdkLTRmMmYtYmExMS1jZjIyNzRmZmI1MmUiLCJlbWFpbCI6ImxhcmVyZXVmYmlhdnZ1NW53dzJwbEB0ZXN0LmNvbSIsInJvbGUiOiJVU0VSIiwiaXNBZG1pbiI6ZmFsc2UsInNpZ25VcENvbXBsZXRlZCI6dHJ1ZSwicHJvdmlkZXIiOiJMT0NBTCIsImlhdCI6MTc1NjAxOTkzOSwiZXhwIjoxNzU2MTA2MzM5LCJhdWQiOiJtY2xhc3MtY2xpZW50IiwiaXNzIjoibWNsYXNzLXNlcnZlciJ9.ewSQYh_EHysUiq-FOee_Z7Tmzzmz44T1mv6BEDRkI5A
4lmr8pb8n05wn0gk58nkv@test.com,password123,eyJhbGciOiJIUzI1NiIsInR5cCI6IkpXVCJ9.eyJ1c2VySWQiOiJkZWQxM2U2YS03YmIxLTRlZDItOWZhMS04ZDlkMmM0N2I2Y2QiLCJlbWFpbCI6IjRsbXI4cGI4bjA1d24wZ2s1OG5rdkB0ZXN0LmNvbSIsInJvbGUiOiJVU0VSIiwiaXNBZG1pbiI6ZmFsc2UsInNpZ25VcENvbXBsZXRlZCI6dHJ1ZSwicHJvdmlkZXIiOiJMT0NBTCIsImlhdCI6MTc1NjAxOTk0MCwiZXhwIjoxNzU2MTA2MzQwLCJhdWQiOiJtY2xhc3MtY2xpZW50IiwiaXNzIjoibWNsYXNzLXNlcnZlciJ9.l7Q7oGCHS-wvn6gRPkKx-GA7sDYUVa3c3nJ7nIiaQ_A
1xiup9fqxjkajt1bpliu2h@test.com,password123,eyJhbGciOiJIUzI1NiIsInR5cCI6IkpXVCJ9.eyJ1c2VySWQiOiJhY2NiNmY1NC00ZTIzLTQ3ZDMtYjYxOS01MzZlMjMyNDMwZTgiLCJlbWFpbCI6IjF4aXVwOWZxeGprYWp0MWJwbGl1MmhAdGVzdC5jb20iLCJyb2xlIjoiVVNFUiIsImlzQWRtaW4iOmZhbHNlLCJzaWduVXBDb21wbGV0ZWQiOnRydWUsInByb3ZpZGVyIjoiTE9DQUwiLCJpYXQiOjE3NTYwMTk5NDEsImV4cCI6MTc1NjEwNjM0MSwiYXVkIjoibWNsYXNzLWNsaWVudCIsImlzcyI6Im1jbGFzcy1zZXJ2ZXIifQ.LKg0JaVLK6qWJQ5dlJDoMfm7isdUjCh0hlHE6liQgQ0
qombl89u1zg17bpeho11ec@test.com,password123,eyJhbGciOiJIUzI1NiIsInR5cCI6IkpXVCJ9.eyJ1c2VySWQiOiI2ZDE1N2VhMS0xYzg5LTQxN2ItYjBhYy0wMjA5NjMwYThhOTgiLCJlbWFpbCI6InFvbWJsODl1MXpnMTdicGVobzExZWNAdGVzdC5jb20iLCJyb2xlIjoiVVNFUiIsImlzQWRtaW4iOmZhbHNlLCJzaWduVXBDb21wbGV0ZWQiOnRydWUsInByb3ZpZGVyIjoiTE9DQUwiLCJpYXQiOjE3NTYwMTk5NDIsImV4cCI6MTc1NjEwNjM0MiwiYXVkIjoibWNsYXNzLWNsaWVudCIsImlzcyI6Im1jbGFzcy1zZXJ2ZXIifQ.WOoosKZZe1NSyCCPBx_nnI59Ebel574fZfpdsj49T7A
cq8x3tkm3fgloxrhaht3en@test.com,password123,eyJhbGciOiJIUzI1NiIsInR5cCI6IkpXVCJ9.eyJ1c2VySWQiOiJjNDZkYTljNS01Nzg1LTQ2ODAtODQyMS0wMjAyZmE5ZDVhMDUiLCJlbWFpbCI6ImNxOHgzdGttM2ZnbG94cmhhaHQzZW5AdGVzdC5jb20iLCJyb2xlIjoiVVNFUiIsImlzQWRtaW4iOmZhbHNlLCJzaWduVXBDb21wbGV0ZWQiOnRydWUsInByb3ZpZGVyIjoiTE9DQUwiLCJpYXQiOjE3NTYwMTk5NDMsImV4cCI6MTc1NjEwNjM0MywiYXVkIjoibWNsYXNzLWNsaWVudCIsImlzcyI6Im1jbGFzcy1zZXJ2ZXIifQ.qJKJ5GfCEelCeBOsuVES-Jkko_t_yBIEmKXoRCPqbNw
imut9jqnjqqhyqiibuqe@test.com,password123,eyJhbGciOiJIUzI1NiIsInR5cCI6IkpXVCJ9.eyJ1c2VySWQiOiJkZTQ0NTBkNi00ZTAyLTRiNWMtODNhYy0xMmViOWNlYzFjYzUiLCJlbWFpbCI6ImltdXQ5anFuanFxaHlxaWlidXFlQHRlc3QuY29tIiwicm9sZSI6IlVTRVIiLCJpc0FkbWluIjpmYWxzZSwic2lnblVwQ29tcGxldGVkIjp0cnVlLCJwcm92aWRlciI6IkxPQ0FMIiwiaWF0IjoxNzU2MDE5OTQ0LCJleHAiOjE3NTYxMDYzNDQsImF1ZCI6Im1jbGFzcy1jbGllbnQiLCJpc3MiOiJtY2xhc3Mtc2VydmVyIn0.-ZENGfX8bD_lwpK90WQnCtAmS8vRnD591Gi8Hm4J14o
d3v7ga62tsku5z2h9ty8j@test.com,password123,eyJhbGciOiJIUzI1NiIsInR5cCI6IkpXVCJ9.eyJ1c2VySWQiOiIxOWQ0ZjFjYS01OGRkLTQ4NzAtOGI2NS05ZTJmMzU5NWQ4MmEiLCJlbWFpbCI6ImQzdjdnYTYydHNrdTV6Mmg5dHk4akB0ZXN0LmNvbSIsInJvbGUiOiJVU0VSIiwiaXNBZG1pbiI6ZmFsc2UsInNpZ25VcENvbXBsZXRlZCI6dHJ1ZSwicHJvdmlkZXIiOiJMT0NBTCIsImlhdCI6MTc1NjAxOTk0NSwiZXhwIjoxNzU2MTA2MzQ1LCJhdWQiOiJtY2xhc3MtY2xpZW50IiwiaXNzIjoibWNsYXNzLXNlcnZlciJ9.4dy1cKMEqXWmmnLSjxDVaHTK_YTrIiXy897PulMPcBQ
geib4kdjehdyv2xj00lil@test.com,password123,eyJhbGciOiJIUzI1NiIsInR5cCI6IkpXVCJ9.eyJ1c2VySWQiOiJiODZiYTcyMC1kMTY0LTQ3M2MtODcwMy04MWYxNTllYjQ5MzAiLCJlbWFpbCI6ImdlaWI0a2RqZWhkeXYyeGowMGxpbEB0ZXN0LmNvbSIsInJvbGUiOiJVU0VSIiwiaXNBZG1pbiI6ZmFsc2UsInNpZ25VcENvbXBsZXRlZCI6dHJ1ZSwicHJvdmlkZXIiOiJMT0NBTCIsImlhdCI6MTc1NjAxOTk0NSwiZXhwIjoxNzU2MTA2MzQ1LCJhdWQiOiJtY2xhc3MtY2xpZW50IiwiaXNzIjoibWNsYXNzLXNlcnZlciJ9.hjtd3zQ_tu1l37UFio6mW08OxwfveOcNx12buYFpPIg
mrlhz06yulqrodrjrm1dsa@test.com,password123,eyJhbGciOiJIUzI1NiIsInR5cCI6IkpXVCJ9.eyJ1c2VySWQiOiIyMDE1MzQ1Zi02M2IwLTRkZDgtYTc4Ni1hZDUwNjM2MDRhYWUiLCJlbWFpbCI6Im1ybGh6MDZ5dWxxcm9kcmpybTFkc2FAdGVzdC5jb20iLCJyb2xlIjoiVVNFUiIsImlzQWRtaW4iOmZhbHNlLCJzaWduVXBDb21wbGV0ZWQiOnRydWUsInByb3ZpZGVyIjoiTE9DQUwiLCJpYXQiOjE3NTYwMTk5NDYsImV4cCI6MTc1NjEwNjM0NiwiYXVkIjoibWNsYXNzLWNsaWVudCIsImlzcyI6Im1jbGFzcy1zZXJ2ZXIifQ.j92L6jF5OfGN_ao1ePIbcKguWAGlf8hAO2SSX94R9pA
sm0fp2os4dl6hm7ef8p0mg@test.com,password123,eyJhbGciOiJIUzI1NiIsInR5cCI6IkpXVCJ9.eyJ1c2VySWQiOiJiNDA0OTI0NC0yM2MzLTQ4YTktOGIxMS04YjRkZGJiYTU0YzciLCJlbWFpbCI6InNtMGZwMm9zNGRsNmhtN2VmOHAwbWdAdGVzdC5jb20iLCJyb2xlIjoiVVNFUiIsImlzQWRtaW4iOmZhbHNlLCJzaWduVXBDb21wbGV0ZWQiOnRydWUsInByb3ZpZGVyIjoiTE9DQUwiLCJpYXQiOjE3NTYwMTk5NDcsImV4cCI6MTc1NjEwNjM0NywiYXVkIjoibWNsYXNzLWNsaWVudCIsImlzcyI6Im1jbGFzcy1zZXJ2ZXIifQ.3UzzkVxQSTi4i-EawrqrX8tYpCw6tJ27bWhMfCyCOzc
na4uvw6319hglhk8o2kji@test.com,password123,eyJhbGciOiJIUzI1NiIsInR5cCI6IkpXVCJ9.eyJ1c2VySWQiOiI4MDVkNDc5YS00MjU0LTQ0NzEtOWJlNy00OGI0ZTI2MTM5NDciLCJlbWFpbCI6Im5hNHV2dzYzMTloZ2xoazhvMmtqaUB0ZXN0LmNvbSIsInJvbGUiOiJVU0VSIiwiaXNBZG1pbiI6ZmFsc2UsInNpZ25VcENvbXBsZXRlZCI6dHJ1ZSwicHJvdmlkZXIiOiJMT0NBTCIsImlhdCI6MTc1NjAxOTk0OCwiZXhwIjoxNzU2MTA2MzQ4LCJhdWQiOiJtY2xhc3MtY2xpZW50IiwiaXNzIjoibWNsYXNzLXNlcnZlciJ9.9V1IHfJPOr075k2SyDj6gCwZkAj7ny8sCAaXAnPgDBY
hnqwhnndrofz5709w8rji8@test.com,password123,eyJhbGciOiJIUzI1NiIsInR5cCI6IkpXVCJ9.eyJ1c2VySWQiOiJmMjdiYzU4Ny0wYzY2LTRkMjMtODM5ZS05YTRjOTk0ODk3ZWEiLCJlbWFpbCI6ImhucXdobm5kcm9mejU3MDl3OHJqaThAdGVzdC5jb20iLCJyb2xlIjoiVVNFUiIsImlzQWRtaW4iOmZhbHNlLCJzaWduVXBDb21wbGV0ZWQiOnRydWUsInByb3ZpZGVyIjoiTE9DQUwiLCJpYXQiOjE3NTYwMTk5NDksImV4cCI6MTc1NjEwNjM0OSwiYXVkIjoibWNsYXNzLWNsaWVudCIsImlzcyI6Im1jbGFzcy1zZXJ2ZXIifQ.TpmDbAU8HimsfvonfI5Z81h0UcJHVUACwZAd-Xzruw0
fu00a6ssrjbi05vn50s3vd@test.com,password123,eyJhbGciOiJIUzI1NiIsInR5cCI6IkpXVCJ9.eyJ1c2VySWQiOiJlMGExMTM0ZC00Y2YyLTRmNTYtOTM5NC04NTQ0YzZkMGNiMDgiLCJlbWFpbCI6ImZ1MDBhNnNzcmpiaTA1dm41MHMzdmRAdGVzdC5jb20iLCJyb2xlIjoiVVNFUiIsImlzQWRtaW4iOmZhbHNlLCJzaWduVXBDb21wbGV0ZWQiOnRydWUsInByb3ZpZGVyIjoiTE9DQUwiLCJpYXQiOjE3NTYwMTk5NTAsImV4cCI6MTc1NjEwNjM1MCwiYXVkIjoibWNsYXNzLWNsaWVudCIsImlzcyI6Im1jbGFzcy1zZXJ2ZXIifQ.rmOYAZgIJhtK1ibcr2qXrAHqqRpFslCsQHPqa4DkGOE
dmr9lbryva41epm2m475v2@test.com,password123,eyJhbGciOiJIUzI1NiIsInR5cCI6IkpXVCJ9.eyJ1c2VySWQiOiJlZmU3OWExNS0wODE2LTQ3MzAtOGIxNi02OTgwMjNjMzIwYmQiLCJlbWFpbCI6ImRtcjlsYnJ5dmE0MWVwbTJtNDc1djJAdGVzdC5jb20iLCJyb2xlIjoiVVNFUiIsImlzQWRtaW4iOmZhbHNlLCJzaWduVXBDb21wbGV0ZWQiOnRydWUsInByb3ZpZGVyIjoiTE9DQUwiLCJpYXQiOjE3NTYwMTk5NTAsImV4cCI6MTc1NjEwNjM1MCwiYXVkIjoibWNsYXNzLWNsaWVudCIsImlzcyI6Im1jbGFzcy1zZXJ2ZXIifQ.4QHz1TVrkvf326oqewt3tOupPVqlHNKh4P65zXRLWmc
pt0n6zvd9o8cuwt4ulctm@test.com,password123,eyJhbGciOiJIUzI1NiIsInR5cCI6IkpXVCJ9.eyJ1c2VySWQiOiJjNjcxODgwZi01YTRhLTRkNjgtYjhjNi05YmRlM2ZhYTQyMjQiLCJlbWFpbCI6InB0MG42enZkOW84Y3V3dDR1bGN0bUB0ZXN0LmNvbSIsInJvbGUiOiJVU0VSIiwiaXNBZG1pbiI6ZmFsc2UsInNpZ25VcENvbXBsZXRlZCI6dHJ1ZSwicHJvdmlkZXIiOiJMT0NBTCIsImlhdCI6MTc1NjAxOTk1MSwiZXhwIjoxNzU2MTA2MzUxLCJhdWQiOiJtY2xhc3MtY2xpZW50IiwiaXNzIjoibWNsYXNzLXNlcnZlciJ9.k_53kr3vZLkt1E3regGsu7TfI49OV8qVmefNIoKfYTI
wbybo7zbxdeehmq5bpp9t@test.com,password123,eyJhbGciOiJIUzI1NiIsInR5cCI6IkpXVCJ9.eyJ1c2VySWQiOiJlYTU4NWZhNC0xM2Q1LTQ4YzAtODZhYS03MDUyOGYxNTRhYTMiLCJlbWFpbCI6IndieWJvN3pieGRlZWhtcTVicHA5dEB0ZXN0LmNvbSIsInJvbGUiOiJVU0VSIiwiaXNBZG1pbiI6ZmFsc2UsInNpZ25VcENvbXBsZXRlZCI6dHJ1ZSwicHJvdmlkZXIiOiJMT0NBTCIsImlhdCI6MTc1NjAxOTk1MiwiZXhwIjoxNzU2MTA2MzUyLCJhdWQiOiJtY2xhc3MtY2xpZW50IiwiaXNzIjoibWNsYXNzLXNlcnZlciJ9.PwJq2eB1mvZMgJ7C7gs_01eczKMkcC5fXpncVnHrTTo
wqr8wewx9bpe6en5h5rnm@test.com,password123,eyJhbGciOiJIUzI1NiIsInR5cCI6IkpXVCJ9.eyJ1c2VySWQiOiIxY2I5MzJiNS1hZjNmLTQyODEtYTk1Ny05ZTE2NTQzODE1YzkiLCJlbWFpbCI6Indxcjh3ZXd4OWJwZTZlbjVoNXJubUB0ZXN0LmNvbSIsInJvbGUiOiJVU0VSIiwiaXNBZG1pbiI6ZmFsc2UsInNpZ25VcENvbXBsZXRlZCI6dHJ1ZSwicHJvdmlkZXIiOiJMT0NBTCIsImlhdCI6MTc1NjAxOTk1MywiZXhwIjoxNzU2MTA2MzUzLCJhdWQiOiJtY2xhc3MtY2xpZW50IiwiaXNzIjoibWNsYXNzLXNlcnZlciJ9.9mqmbcP8TBum7FjILhwc-vxvmsX38T8yQK9jO6jCmBs
r1tfp29rq7aqrtuu6z8oor@test.com,password123,eyJhbGciOiJIUzI1NiIsInR5cCI6IkpXVCJ9.eyJ1c2VySWQiOiIyMGU3MTM3OC01MTAxLTQ4ZjItYmQ0OS1iZTYzMTA5YTI5ODciLCJlbWFpbCI6InIxdGZwMjlycTdhcXJ0dXU2ejhvb3JAdGVzdC5jb20iLCJyb2xlIjoiVVNFUiIsImlzQWRtaW4iOmZhbHNlLCJzaWduVXBDb21wbGV0ZWQiOnRydWUsInByb3ZpZGVyIjoiTE9DQUwiLCJpYXQiOjE3NTYwMTk5NTQsImV4cCI6MTc1NjEwNjM1NCwiYXVkIjoibWNsYXNzLWNsaWVudCIsImlzcyI6Im1jbGFzcy1zZXJ2ZXIifQ.Gx0XEOqI9yK7P_6S-h1M4xy3NRTRpeDOsp8v6Cyl_f8
1tsy39z7bh2x5snwplo5xe@test.com,password123,eyJhbGciOiJIUzI1NiIsInR5cCI6IkpXVCJ9.eyJ1c2VySWQiOiIwN2FjN2Y3NS02YzNkLTQ1ZDEtYjlhOC0yMDJjYWZkZDA2OTIiLCJlbWFpbCI6IjF0c3kzOXo3YmgyeDVzbndwbG81eGVAdGVzdC5jb20iLCJyb2xlIjoiVVNFUiIsImlzQWRtaW4iOmZhbHNlLCJzaWduVXBDb21wbGV0ZWQiOnRydWUsInByb3ZpZGVyIjoiTE9DQUwiLCJpYXQiOjE3NTYwMTk5NTQsImV4cCI6MTc1NjEwNjM1NCwiYXVkIjoibWNsYXNzLWNsaWVudCIsImlzcyI6Im1jbGFzcy1zZXJ2ZXIifQ.OSj2sudGal15d0IuhqTv-_rTSc7mT9DQnUaui-E0HdI
hlqk5gmy8cmt6ll293hhne@test.com,password123,eyJhbGciOiJIUzI1NiIsInR5cCI6IkpXVCJ9.eyJ1c2VySWQiOiIwMzRjN2FhZi0yNTQ5LTRmMDUtODBlNy0xMmY0MzdhMmM2NjMiLCJlbWFpbCI6ImhscWs1Z215OGNtdDZsbDI5M2hobmVAdGVzdC5jb20iLCJyb2xlIjoiVVNFUiIsImlzQWRtaW4iOmZhbHNlLCJzaWduVXBDb21wbGV0ZWQiOnRydWUsInByb3ZpZGVyIjoiTE9DQUwiLCJpYXQiOjE3NTYwMTk5NTUsImV4cCI6MTc1NjEwNjM1NSwiYXVkIjoibWNsYXNzLWNsaWVudCIsImlzcyI6Im1jbGFzcy1zZXJ2ZXIifQ.10j2FtFRtRaq3XeIW3_0exDMxPk3oQ5Og_gRAs4LJGg
c7ohdkglulfpa5hewpzje@test.com,password123,eyJhbGciOiJIUzI1NiIsInR5cCI6IkpXVCJ9.eyJ1c2VySWQiOiI5ZGQ5YTZkOC0xZmI1LTRjNzQtYjdlZS0wNjE1NWVmMDVjNGIiLCJlbWFpbCI6ImM3b2hka2dsdWxmcGE1aGV3cHpqZUB0ZXN0LmNvbSIsInJvbGUiOiJVU0VSIiwiaXNBZG1pbiI6ZmFsc2UsInNpZ25VcENvbXBsZXRlZCI6dHJ1ZSwicHJvdmlkZXIiOiJMT0NBTCIsImlhdCI6MTc1NjAxOTk1NiwiZXhwIjoxNzU2MTA2MzU2LCJhdWQiOiJtY2xhc3MtY2xpZW50IiwiaXNzIjoibWNsYXNzLXNlcnZlciJ9.rteraGmAg63v9PajwVUzzJIiwPCTupGHOnH6YUfwtyY
e6zt46k6uapra2ruh729n@test.com,password123,eyJhbGciOiJIUzI1NiIsInR5cCI6IkpXVCJ9.eyJ1c2VySWQiOiIyMzgxMjZiMC0xNTcyLTQ3NDEtYWY5NS01MTM2ZjU5NTE4YTciLCJlbWFpbCI6ImU2enQ0Nms2dWFwcmEycnVoNzI5bkB0ZXN0LmNvbSIsInJvbGUiOiJVU0VSIiwiaXNBZG1pbiI6ZmFsc2UsInNpZ25VcENvbXBsZXRlZCI6dHJ1ZSwicHJvdmlkZXIiOiJMT0NBTCIsImlhdCI6MTc1NjAxOTk1NiwiZXhwIjoxNzU2MTA2MzU2LCJhdWQiOiJtY2xhc3MtY2xpZW50IiwiaXNzIjoibWNsYXNzLXNlcnZlciJ9.6XjXZjEul2Lk5KIidnJpRtiVAH-Ue_wLeR2_J7Bgw-Y
5t4rtz1lsnnlzjqtbp30um@test.com,password123,eyJhbGciOiJIUzI1NiIsInR5cCI6IkpXVCJ9.eyJ1c2VySWQiOiJkMmJhNTEzNy1hOWU0LTQ3MTYtOTM4Zi0xN2YyZGY2NTdlM2IiLCJlbWFpbCI6IjV0NHJ0ejFsc25ubHpqcXRicDMwdW1AdGVzdC5jb20iLCJyb2xlIjoiVVNFUiIsImlzQWRtaW4iOmZhbHNlLCJzaWduVXBDb21wbGV0ZWQiOnRydWUsInByb3ZpZGVyIjoiTE9DQUwiLCJpYXQiOjE3NTYwMTk5NTcsImV4cCI6MTc1NjEwNjM1NywiYXVkIjoibWNsYXNzLWNsaWVudCIsImlzcyI6Im1jbGFzcy1zZXJ2ZXIifQ.WMI_uVY8g5mmhHeAF-oW7BgjTWaq-RrmMkEUCokgMXU
7o0ajw2xaswujgw2rlipum@test.com,password123,eyJhbGciOiJIUzI1NiIsInR5cCI6IkpXVCJ9.eyJ1c2VySWQiOiI4NzI5YzcyMS05MTc4LTRjYWMtYjQyNy04Yzg5M2U3YTFmM2QiLCJlbWFpbCI6IjdvMGFqdzJ4YXN3dWpndzJybGlwdW1AdGVzdC5jb20iLCJyb2xlIjoiVVNFUiIsImlzQWRtaW4iOmZhbHNlLCJzaWduVXBDb21wbGV0ZWQiOnRydWUsInByb3ZpZGVyIjoiTE9DQUwiLCJpYXQiOjE3NTYwMTk5NTksImV4cCI6MTc1NjEwNjM1OSwiYXVkIjoibWNsYXNzLWNsaWVudCIsImlzcyI6Im1jbGFzcy1zZXJ2ZXIifQ.a_nWcFdMVXwnjqaM-GcFUoUZ2hqPhLrlHRrJGBNORF4
gaft00ao1s8n8mjzvd4zq@test.com,password123,eyJhbGciOiJIUzI1NiIsInR5cCI6IkpXVCJ9.eyJ1c2VySWQiOiI0YzliY2IzYi0yY2NmLTQxMzEtYTBhOS01ZjJmZTc3Y2ZjNjYiLCJlbWFpbCI6ImdhZnQwMGFvMXM4bjhtanp2ZDR6cUB0ZXN0LmNvbSIsInJvbGUiOiJVU0VSIiwiaXNBZG1pbiI6ZmFsc2UsInNpZ25VcENvbXBsZXRlZCI6dHJ1ZSwicHJvdmlkZXIiOiJMT0NBTCIsImlhdCI6MTc1NjAxOTk1OSwiZXhwIjoxNzU2MTA2MzU5LCJhdWQiOiJtY2xhc3MtY2xpZW50IiwiaXNzIjoibWNsYXNzLXNlcnZlciJ9.2B5ocd-Ecjbf2hwGv3xjmy61-ft3yyWumRiRMedq91w
bb0awutsf643emsm172eua@test.com,password123,eyJhbGciOiJIUzI1NiIsInR5cCI6IkpXVCJ9.eyJ1c2VySWQiOiI3Y2FkMDViMC1hNTMyLTQxNDUtYWQ3Zi0yMTQ4MDU0NjQ4NDEiLCJlbWFpbCI6ImJiMGF3dXRzZjY0M2Vtc20xNzJldWFAdGVzdC5jb20iLCJyb2xlIjoiVVNFUiIsImlzQWRtaW4iOmZhbHNlLCJzaWduVXBDb21wbGV0ZWQiOnRydWUsInByb3ZpZGVyIjoiTE9DQUwiLCJpYXQiOjE3NTYwMTk5NjAsImV4cCI6MTc1NjEwNjM2MCwiYXVkIjoibWNsYXNzLWNsaWVudCIsImlzcyI6Im1jbGFzcy1zZXJ2ZXIifQ.9rBIXYe4HE_DjK6Ux3R3OzC5454MfDHy6xbsRttoYF8
xkw5sltkmclsriybhy2uwc@test.com,password123,eyJhbGciOiJIUzI1NiIsInR5cCI6IkpXVCJ9.eyJ1c2VySWQiOiJiZTM0OTA2Mi04ZDY0LTQwY2YtOTBhOC1jMGFhZjdjN2Q2MTIiLCJlbWFpbCI6InhrdzVzbHRrbWNsc3JpeWJoeTJ1d2NAdGVzdC5jb20iLCJyb2xlIjoiVVNFUiIsImlzQWRtaW4iOmZhbHNlLCJzaWduVXBDb21wbGV0ZWQiOnRydWUsInByb3ZpZGVyIjoiTE9DQUwiLCJpYXQiOjE3NTYwMTk5NjEsImV4cCI6MTc1NjEwNjM2MSwiYXVkIjoibWNsYXNzLWNsaWVudCIsImlzcyI6Im1jbGFzcy1zZXJ2ZXIifQ.Erb6p5KofzFoRbSx65dbdcnXhoOD2_qV2zFCWPbaJ48
m2vydt3x5ovbtgmg9eke@test.com,password123,eyJhbGciOiJIUzI1NiIsInR5cCI6IkpXVCJ9.eyJ1c2VySWQiOiI3ODdkNmVhMC01NTM4LTRlNjEtYjg3Yy1lNjM2MDRmNGNjM2IiLCJlbWFpbCI6Im0ydnlkdDN4NW92YnRnbWc5ZWtlQHRlc3QuY29tIiwicm9sZSI6IlVTRVIiLCJpc0FkbWluIjpmYWxzZSwic2lnblVwQ29tcGxldGVkIjp0cnVlLCJwcm92aWRlciI6IkxPQ0FMIiwiaWF0IjoxNzU2MDE5OTYyLCJleHAiOjE3NTYxMDYzNjIsImF1ZCI6Im1jbGFzcy1jbGllbnQiLCJpc3MiOiJtY2xhc3Mtc2VydmVyIn0.Um_gZAbPdKbwYzWn7JQ0fTZGTEVgrK6RQrva7d0EcLM
er6itbh29ss49ns14q1lrg@test.com,password123,eyJhbGciOiJIUzI1NiIsInR5cCI6IkpXVCJ9.eyJ1c2VySWQiOiI4OGExNDJlNy0zNjdjLTQ0YTctOTQ0Yi1lZDFjOTc5Njg0YjQiLCJlbWFpbCI6ImVyNml0YmgyOXNzNDluczE0cTFscmdAdGVzdC5jb20iLCJyb2xlIjoiVVNFUiIsImlzQWRtaW4iOmZhbHNlLCJzaWduVXBDb21wbGV0ZWQiOnRydWUsInByb3ZpZGVyIjoiTE9DQUwiLCJpYXQiOjE3NTYwMTk5NjMsImV4cCI6MTc1NjEwNjM2MywiYXVkIjoibWNsYXNzLWNsaWVudCIsImlzcyI6Im1jbGFzcy1zZXJ2ZXIifQ.-0kGVNgsR2BhPTrViywEtFbgtLCeauilIhX5wYBobyc
a5lpipqauktcy5qraase3@test.com,password123,eyJhbGciOiJIUzI1NiIsInR5cCI6IkpXVCJ9.eyJ1c2VySWQiOiI4NzEwMjZiNy01M2EwLTQ1NzUtOWFhYy1kYzc0MGZlMTdkNDUiLCJlbWFpbCI6ImE1bHBpcHFhdWt0Y3k1cXJhYXNlM0B0ZXN0LmNvbSIsInJvbGUiOiJVU0VSIiwiaXNBZG1pbiI6ZmFsc2UsInNpZ25VcENvbXBsZXRlZCI6dHJ1ZSwicHJvdmlkZXIiOiJMT0NBTCIsImlhdCI6MTc1NjAxOTk2NCwiZXhwIjoxNzU2MTA2MzY0LCJhdWQiOiJtY2xhc3MtY2xpZW50IiwiaXNzIjoibWNsYXNzLXNlcnZlciJ9.g7GKRMNdfuk31z3R83j_wbr39s2fdgXGtP_sz3a8R1c
cjykgj12u4cldgb3t72e4@test.com,password123,eyJhbGciOiJIUzI1NiIsInR5cCI6IkpXVCJ9.eyJ1c2VySWQiOiIzZTkzYjg5Ny1jM2U5LTQ1MDgtOGQyMi1iMThhNDg4MjJhNDIiLCJlbWFpbCI6ImNqeWtnajEydTRjbGRnYjN0NzJlNEB0ZXN0LmNvbSIsInJvbGUiOiJVU0VSIiwiaXNBZG1pbiI6ZmFsc2UsInNpZ25VcENvbXBsZXRlZCI6dHJ1ZSwicHJvdmlkZXIiOiJMT0NBTCIsImlhdCI6MTc1NjAxOTk2NCwiZXhwIjoxNzU2MTA2MzY0LCJhdWQiOiJtY2xhc3MtY2xpZW50IiwiaXNzIjoibWNsYXNzLXNlcnZlciJ9.GwXvJHdcSdle_wZHAU9aQbXllRZuk3tszBGOQwn5gfE
8o524lxx9ferg611byn3t@test.com,password123,eyJhbGciOiJIUzI1NiIsInR5cCI6IkpXVCJ9.eyJ1c2VySWQiOiIyYTk4ZmQ3MC0zY2UzLTQ1NTItYTIzZC05MWQ3MzFjYTVmZGQiLCJlbWFpbCI6IjhvNTI0bHh4OWZlcmc2MTFieW4zdEB0ZXN0LmNvbSIsInJvbGUiOiJVU0VSIiwiaXNBZG1pbiI6ZmFsc2UsInNpZ25VcENvbXBsZXRlZCI6dHJ1ZSwicHJvdmlkZXIiOiJMT0NBTCIsImlhdCI6MTc1NjAxOTk2NSwiZXhwIjoxNzU2MTA2MzY1LCJhdWQiOiJtY2xhc3MtY2xpZW50IiwiaXNzIjoibWNsYXNzLXNlcnZlciJ9.2_arGLkJ0ftpCgIxwA-65G0SkKPnejwrcbXD_8JfLtY
nxhtroar3tky4ku3u1rfb8@test.com,password123,eyJhbGciOiJIUzI1NiIsInR5cCI6IkpXVCJ9.eyJ1c2VySWQiOiIzNDFhODE0My05MmQzLTRjMDItOTk1MS0wN2NiZWZlMmZjMDciLCJlbWFpbCI6Im54aHRyb2FyM3RreTRrdTN1MXJmYjhAdGVzdC5jb20iLCJyb2xlIjoiVVNFUiIsImlzQWRtaW4iOmZhbHNlLCJzaWduVXBDb21wbGV0ZWQiOnRydWUsInByb3ZpZGVyIjoiTE9DQUwiLCJpYXQiOjE3NTYwMTk5NjYsImV4cCI6MTc1NjEwNjM2NiwiYXVkIjoibWNsYXNzLWNsaWVudCIsImlzcyI6Im1jbGFzcy1zZXJ2ZXIifQ.huXBzs-vng-cIjpdkfrXwSTDAZXl5gA7gMgOnnGS5v0
rzx3grw1mrai4ljvap4xli@test.com,password123,eyJhbGciOiJIUzI1NiIsInR5cCI6IkpXVCJ9.eyJ1c2VySWQiOiJmNjI1Y2M5Yy0xMzhhLTQyY2YtYjYxYy1mM2YzODQ0Nzg3NjMiLCJlbWFpbCI6InJ6eDNncncxbXJhaTRsanZhcDR4bGlAdGVzdC5jb20iLCJyb2xlIjoiVVNFUiIsImlzQWRtaW4iOmZhbHNlLCJzaWduVXBDb21wbGV0ZWQiOnRydWUsInByb3ZpZGVyIjoiTE9DQUwiLCJpYXQiOjE3NTYwMTk5NjcsImV4cCI6MTc1NjEwNjM2NywiYXVkIjoibWNsYXNzLWNsaWVudCIsImlzcyI6Im1jbGFzcy1zZXJ2ZXIifQ.Abue26VEPkROSM4nJ7VB-QgwJV3av_mi-aI2mzejuaw
4kn7tp0nu4iu2ikgu0aaed@test.com,password123,eyJhbGciOiJIUzI1NiIsInR5cCI6IkpXVCJ9.eyJ1c2VySWQiOiIwOTI1YmU1Yi02NTA3LTQ1NmYtYjg2Ni03MzhlOWUxNGZkOGIiLCJlbWFpbCI6IjRrbjd0cDBudTRpdTJpa2d1MGFhZWRAdGVzdC5jb20iLCJyb2xlIjoiVVNFUiIsImlzQWRtaW4iOmZhbHNlLCJzaWduVXBDb21wbGV0ZWQiOnRydWUsInByb3ZpZGVyIjoiTE9DQUwiLCJpYXQiOjE3NTYwMTk5NjcsImV4cCI6MTc1NjEwNjM2NywiYXVkIjoibWNsYXNzLWNsaWVudCIsImlzcyI6Im1jbGFzcy1zZXJ2ZXIifQ.JTqDzyEb7pY5B3R-kPMxjJOUyHINQ5vz7sH1RVw-3js
qm7cqwgzqi5exgv8mm@test.com,password123,eyJhbGciOiJIUzI1NiIsInR5cCI6IkpXVCJ9.eyJ1c2VySWQiOiI1ZjMwZmFkZi04NWZlLTRmNzEtODg4Yi00NjhiMjg4YTYyNTgiLCJlbWFpbCI6InFtN2Nxd2d6cWk1ZXhndjhtbUB0ZXN0LmNvbSIsInJvbGUiOiJVU0VSIiwiaXNBZG1pbiI6ZmFsc2UsInNpZ25VcENvbXBsZXRlZCI6dHJ1ZSwicHJvdmlkZXIiOiJMT0NBTCIsImlhdCI6MTc1NjAxOTk2OSwiZXhwIjoxNzU2MTA2MzY5LCJhdWQiOiJtY2xhc3MtY2xpZW50IiwiaXNzIjoibWNsYXNzLXNlcnZlciJ9.aF85BA9Bod7QkpmH5rHZk5G5--jUf9G38nuoTicfjOc
oacwl0xfdqptmf79on529@test.com,password123,eyJhbGciOiJIUzI1NiIsInR5cCI6IkpXVCJ9.eyJ1c2VySWQiOiJmZDAxOGM1My0wY2ZjLTQwMmUtYWU0NC0yNzE1OTY1NzZlMTQiLCJlbWFpbCI6Im9hY3dsMHhmZHFwdG1mNzlvbjUyOUB0ZXN0LmNvbSIsInJvbGUiOiJVU0VSIiwiaXNBZG1pbiI6ZmFsc2UsInNpZ25VcENvbXBsZXRlZCI6dHJ1ZSwicHJvdmlkZXIiOiJMT0NBTCIsImlhdCI6MTc1NjAxOTk2OSwiZXhwIjoxNzU2MTA2MzY5LCJhdWQiOiJtY2xhc3MtY2xpZW50IiwiaXNzIjoibWNsYXNzLXNlcnZlciJ9._zqCf2IiLXIsjyCRuAIXYPhJxsYBI4gty_y00x_BZVQ
ioxlr6ehpl0js55ydnq25s@test.com,password123,eyJhbGciOiJIUzI1NiIsInR5cCI6IkpXVCJ9.eyJ1c2VySWQiOiJlMjhkNGNlYy00YWIzLTRmMmMtYjNmNi03NzY3Yjg1ZmI1MzYiLCJlbWFpbCI6ImlveGxyNmVocGwwanM1NXlkbnEyNXNAdGVzdC5jb20iLCJyb2xlIjoiVVNFUiIsImlzQWRtaW4iOmZhbHNlLCJzaWduVXBDb21wbGV0ZWQiOnRydWUsInByb3ZpZGVyIjoiTE9DQUwiLCJpYXQiOjE3NTYwMTk5NzAsImV4cCI6MTc1NjEwNjM3MCwiYXVkIjoibWNsYXNzLWNsaWVudCIsImlzcyI6Im1jbGFzcy1zZXJ2ZXIifQ.Ib7OAPIV115QsjvPPWxQvsoomSMZpclOgyQuHZant38
l7hq2wws3rpsnlqn636ei@test.com,password123,eyJhbGciOiJIUzI1NiIsInR5cCI6IkpXVCJ9.eyJ1c2VySWQiOiI3NWI2NTEwZC0wZTgxLTRhMDktYTQwMy1jNzcyY2RhMDc0OWIiLCJlbWFpbCI6Imw3aHEyd3dzM3Jwc25scW42MzZlaUB0ZXN0LmNvbSIsInJvbGUiOiJVU0VSIiwiaXNBZG1pbiI6ZmFsc2UsInNpZ25VcENvbXBsZXRlZCI6dHJ1ZSwicHJvdmlkZXIiOiJMT0NBTCIsImlhdCI6MTc1NjAxOTk3MSwiZXhwIjoxNzU2MTA2MzcxLCJhdWQiOiJtY2xhc3MtY2xpZW50IiwiaXNzIjoibWNsYXNzLXNlcnZlciJ9.hDio5Kb_3y1kQENBJMXTJLlE97BLvpf6qAIl5M8r-1c
4jdy3aaim35flxru31ja0t@test.com,password123,eyJhbGciOiJIUzI1NiIsInR5cCI6IkpXVCJ9.eyJ1c2VySWQiOiJiY2IwNzRkMS1jN2NlLTQ0MGEtODJiNC02NTMxMDgyNjM4MzAiLCJlbWFpbCI6IjRqZHkzYWFpbTM1Zmx4cnUzMWphMHRAdGVzdC5jb20iLCJyb2xlIjoiVVNFUiIsImlzQWRtaW4iOmZhbHNlLCJzaWduVXBDb21wbGV0ZWQiOnRydWUsInByb3ZpZGVyIjoiTE9DQUwiLCJpYXQiOjE3NTYwMTk5NzEsImV4cCI6MTc1NjEwNjM3MSwiYXVkIjoibWNsYXNzLWNsaWVudCIsImlzcyI6Im1jbGFzcy1zZXJ2ZXIifQ.7Gm43wUNZNz7wM6EIQatQedc81T1EcvrOoz_QVlfpKE
7m4dvxrqvktnqzeegfstqp@test.com,password123,eyJhbGciOiJIUzI1NiIsInR5cCI6IkpXVCJ9.eyJ1c2VySWQiOiJhMGU5NGNjMy03NzUwLTQ0NmMtYTVlZS1jM2NjNGZkNzFhNTIiLCJlbWFpbCI6IjdtNGR2eHJxdmt0bnF6ZWVnZnN0cXBAdGVzdC5jb20iLCJyb2xlIjoiVVNFUiIsImlzQWRtaW4iOmZhbHNlLCJzaWduVXBDb21wbGV0ZWQiOnRydWUsInByb3ZpZGVyIjoiTE9DQUwiLCJpYXQiOjE3NTYwMTk5NzIsImV4cCI6MTc1NjEwNjM3MiwiYXVkIjoibWNsYXNzLWNsaWVudCIsImlzcyI6Im1jbGFzcy1zZXJ2ZXIifQ.7HMlBPqkcsmYpl4FVFiwsZPxDsrPOdaL-5wL6ZkYPHg
z4fzxnipr5adk3mdi7da76@test.com,password123,eyJhbGciOiJIUzI1NiIsInR5cCI6IkpXVCJ9.eyJ1c2VySWQiOiI2NzU3OWQxOS05ZmZlLTRjNzItYWUxYi1jNzg2NzU5ZGM5NDAiLCJlbWFpbCI6Ino0Znp4bmlwcjVhZGszbWRpN2RhNzZAdGVzdC5jb20iLCJyb2xlIjoiVVNFUiIsImlzQWRtaW4iOmZhbHNlLCJzaWduVXBDb21wbGV0ZWQiOnRydWUsInByb3ZpZGVyIjoiTE9DQUwiLCJpYXQiOjE3NTYwMTk5NzMsImV4cCI6MTc1NjEwNjM3MywiYXVkIjoibWNsYXNzLWNsaWVudCIsImlzcyI6Im1jbGFzcy1zZXJ2ZXIifQ.FV1bmWfThQp2mqXjuzvnkNUD2bgcmXw2reJ4NbpJdB0
lc8d8urnlh2dqtqx7oe5g@test.com,password123,eyJhbGciOiJIUzI1NiIsInR5cCI6IkpXVCJ9.eyJ1c2VySWQiOiI1YTEzNTUyNy0yNjk2LTQ4MWQtYTM4Mi1iOTg5YmEyYjU4NDgiLCJlbWFpbCI6ImxjOGQ4dXJubGgyZHF0cXg3b2U1Z0B0ZXN0LmNvbSIsInJvbGUiOiJVU0VSIiwiaXNBZG1pbiI6ZmFsc2UsInNpZ25VcENvbXBsZXRlZCI6dHJ1ZSwicHJvdmlkZXIiOiJMT0NBTCIsImlhdCI6MTc1NjAxOTk3NCwiZXhwIjoxNzU2MTA2Mzc0LCJhdWQiOiJtY2xhc3MtY2xpZW50IiwiaXNzIjoibWNsYXNzLXNlcnZlciJ9.7JcQYokza9ojAo1517nNZYHI4Sc2WNKqtuXrkCbKB4k
uuik5w27ckiyvwtiwjb6v8@test.com,password123,eyJhbGciOiJIUzI1NiIsInR5cCI6IkpXVCJ9.eyJ1c2VySWQiOiJmZWU4OWE4Ny1jM2IwLTQ1MDktODJhNS01YWUwNGZmYzdlZGIiLCJlbWFpbCI6InV1aWs1dzI3Y2tpeXZ3dGl3amI2djhAdGVzdC5jb20iLCJyb2xlIjoiVVNFUiIsImlzQWRtaW4iOmZhbHNlLCJzaWduVXBDb21wbGV0ZWQiOnRydWUsInByb3ZpZGVyIjoiTE9DQUwiLCJpYXQiOjE3NTYwMTk5NzUsImV4cCI6MTc1NjEwNjM3NSwiYXVkIjoibWNsYXNzLWNsaWVudCIsImlzcyI6Im1jbGFzcy1zZXJ2ZXIifQ.j1tHT296vpZX-VT6WadIihggvIREzmBWpKn-wOJ092A
ha929z4u7hidjeegcf6ker@test.com,password123,eyJhbGciOiJIUzI1NiIsInR5cCI6IkpXVCJ9.eyJ1c2VySWQiOiI3ODlhN2UxNS03OGZiLTQ5ZTgtODBiZi05M2Q3NjE1ZDQ3MDgiLCJlbWFpbCI6ImhhOTI5ejR1N2hpZGplZWdjZjZrZXJAdGVzdC5jb20iLCJyb2xlIjoiVVNFUiIsImlzQWRtaW4iOmZhbHNlLCJzaWduVXBDb21wbGV0ZWQiOnRydWUsInByb3ZpZGVyIjoiTE9DQUwiLCJpYXQiOjE3NTYwMTk5NzUsImV4cCI6MTc1NjEwNjM3NSwiYXVkIjoibWNsYXNzLWNsaWVudCIsImlzcyI6Im1jbGFzcy1zZXJ2ZXIifQ.0O133j09L8rbGRumsHerTNvaa5-uPlExsgFb0a4sQ3M
svquxni0ctgf6uhe4ymf@test.com,password123,eyJhbGciOiJIUzI1NiIsInR5cCI6IkpXVCJ9.eyJ1c2VySWQiOiJjMTU4NjQxOS05MmU2LTQzYTYtOGU3ZS1iY2ExZGRiZGU2MDgiLCJlbWFpbCI6InN2cXV4bmkwY3RnZjZ1aGU0eW1mQHRlc3QuY29tIiwicm9sZSI6IlVTRVIiLCJpc0FkbWluIjpmYWxzZSwic2lnblVwQ29tcGxldGVkIjp0cnVlLCJwcm92aWRlciI6IkxPQ0FMIiwiaWF0IjoxNzU2MDE5OTc2LCJleHAiOjE3NTYxMDYzNzYsImF1ZCI6Im1jbGFzcy1jbGllbnQiLCJpc3MiOiJtY2xhc3Mtc2VydmVyIn0.7JBUAgSDWyWnWlfATTif0j8CV3LJrHe6Z-esyw6ssBY
95zxzud9yz9esifu51hdk@test.com,password123,eyJhbGciOiJIUzI1NiIsInR5cCI6IkpXVCJ9.eyJ1c2VySWQiOiIxMjMyYjhmOC0xMDI2LTQ4ZGUtYmMwNS0zMzhmZjA1YjE0NDgiLCJlbWFpbCI6Ijk1enh6dWQ5eXo5ZXNpZnU1MWhka0B0ZXN0LmNvbSIsInJvbGUiOiJVU0VSIiwiaXNBZG1pbiI6ZmFsc2UsInNpZ25VcENvbXBsZXRlZCI6dHJ1ZSwicHJvdmlkZXIiOiJMT0NBTCIsImlhdCI6MTc1NjAxOTk3NywiZXhwIjoxNzU2MTA2Mzc3LCJhdWQiOiJtY2xhc3MtY2xpZW50IiwiaXNzIjoibWNsYXNzLXNlcnZlciJ9.esEImMPNSaeq0X-2uwZSXLjxshXS9ZdNHe6DvC1ODok
ybdd56yf5j7uptnhs9dn2@test.com,password123,eyJhbGciOiJIUzI1NiIsInR5cCI6IkpXVCJ9.eyJ1c2VySWQiOiJhYjg1MjU3Yy05N2RlLTQ5YWYtOTgzMy1mM2JlYmQ3ODliYTIiLCJlbWFpbCI6InliZGQ1NnlmNWo3dXB0bmhzOWRuMkB0ZXN0LmNvbSIsInJvbGUiOiJVU0VSIiwiaXNBZG1pbiI6ZmFsc2UsInNpZ25VcENvbXBsZXRlZCI6dHJ1ZSwicHJvdmlkZXIiOiJMT0NBTCIsImlhdCI6MTc1NjAxOTk3OCwiZXhwIjoxNzU2MTA2Mzc4LCJhdWQiOiJtY2xhc3MtY2xpZW50IiwiaXNzIjoibWNsYXNzLXNlcnZlciJ9.d7hqXqNV64m2O_FybuO4hLrd62cZjhIa7LDXeklXenw
qypbi89302ec3cdv5l5gg@test.com,password123,eyJhbGciOiJIUzI1NiIsInR5cCI6IkpXVCJ9.eyJ1c2VySWQiOiJjMmJmNmE5MC00NDEyLTQ3YTMtYjNmYS01OTU3ZTA5YmYwMTMiLCJlbWFpbCI6InF5cGJpODkzMDJlYzNjZHY1bDVnZ0B0ZXN0LmNvbSIsInJvbGUiOiJVU0VSIiwiaXNBZG1pbiI6ZmFsc2UsInNpZ25VcENvbXBsZXRlZCI6dHJ1ZSwicHJvdmlkZXIiOiJMT0NBTCIsImlhdCI6MTc1NjAxOTk3OSwiZXhwIjoxNzU2MTA2Mzc5LCJhdWQiOiJtY2xhc3MtY2xpZW50IiwiaXNzIjoibWNsYXNzLXNlcnZlciJ9.w-Jp3jVQ82OqKkN2fvlnZJJRhvai406BCEkw9X_YmDw
rj6aah18r415nqi6xy1tq@test.com,password123,eyJhbGciOiJIUzI1NiIsInR5cCI6IkpXVCJ9.eyJ1c2VySWQiOiI3NzQzZTMzOS05NzlmLTRlMzktODM1NC0zZmU3MjUyZTM3NGEiLCJlbWFpbCI6InJqNmFhaDE4cjQxNW5xaTZ4eTF0cUB0ZXN0LmNvbSIsInJvbGUiOiJVU0VSIiwiaXNBZG1pbiI6ZmFsc2UsInNpZ25VcENvbXBsZXRlZCI6dHJ1ZSwicHJvdmlkZXIiOiJMT0NBTCIsImlhdCI6MTc1NjAxOTk3OSwiZXhwIjoxNzU2MTA2Mzc5LCJhdWQiOiJtY2xhc3MtY2xpZW50IiwiaXNzIjoibWNsYXNzLXNlcnZlciJ9.g42QuGQo81IjfLgXlq-HIREFV_15-Yha40Q6KCPMRV4
7iywyj8yfbp0gg3b2dym1z@test.com,password123,eyJhbGciOiJIUzI1NiIsInR5cCI6IkpXVCJ9.eyJ1c2VySWQiOiIyMTQ5ZmE4My1lNmViLTRiYjUtODQ4ZS00NTQ1YzA2MWIxZjAiLCJlbWFpbCI6IjdpeXd5ajh5ZmJwMGdnM2IyZHltMXpAdGVzdC5jb20iLCJyb2xlIjoiVVNFUiIsImlzQWRtaW4iOmZhbHNlLCJzaWduVXBDb21wbGV0ZWQiOnRydWUsInByb3ZpZGVyIjoiTE9DQUwiLCJpYXQiOjE3NTYwMTk5ODAsImV4cCI6MTc1NjEwNjM4MCwiYXVkIjoibWNsYXNzLWNsaWVudCIsImlzcyI6Im1jbGFzcy1zZXJ2ZXIifQ.TzAwavPpznBbAK24a0Im_sWSPQG3MT05McNKr4RebfQ
bc20t13tnb41ztgj0ifxjm@test.com,password123,eyJhbGciOiJIUzI1NiIsInR5cCI6IkpXVCJ9.eyJ1c2VySWQiOiIyNjZjYmQ1Yy02MGFlLTQwODYtODg2YS0wNGYzODk2YzYwNzQiLCJlbWFpbCI6ImJjMjB0MTN0bmI0MXp0Z2owaWZ4am1AdGVzdC5jb20iLCJyb2xlIjoiVVNFUiIsImlzQWRtaW4iOmZhbHNlLCJzaWduVXBDb21wbGV0ZWQiOnRydWUsInByb3ZpZGVyIjoiTE9DQUwiLCJpYXQiOjE3NTYwMTk5ODEsImV4cCI6MTc1NjEwNjM4MSwiYXVkIjoibWNsYXNzLWNsaWVudCIsImlzcyI6Im1jbGFzcy1zZXJ2ZXIifQ.CUSUDG34ebc1CqTFW_AA1zzYJO1h8gWEl3KX7D1tyPo
5m34pk56npmw4y0mvms6w@test.com,password123,eyJhbGciOiJIUzI1NiIsInR5cCI6IkpXVCJ9.eyJ1c2VySWQiOiJkYjU3OTMwNC1mNDQ3LTRmOTUtOTgzOS01MTcwYjk1NzIzMjYiLCJlbWFpbCI6IjVtMzRwazU2bnBtdzR5MG12bXM2d0B0ZXN0LmNvbSIsInJvbGUiOiJVU0VSIiwiaXNBZG1pbiI6ZmFsc2UsInNpZ25VcENvbXBsZXRlZCI6dHJ1ZSwicHJvdmlkZXIiOiJMT0NBTCIsImlhdCI6MTc1NjAxOTk4MSwiZXhwIjoxNzU2MTA2MzgxLCJhdWQiOiJtY2xhc3MtY2xpZW50IiwiaXNzIjoibWNsYXNzLXNlcnZlciJ9.zOrXLrkf_oGCLGWi84y0Nb73UW0Hj2VTExhf2EVGuAs
zg7yzohsm2cfbz4lbv0l@test.com,password123,eyJhbGciOiJIUzI1NiIsInR5cCI6IkpXVCJ9.eyJ1c2VySWQiOiI5YTg1YWJjNS0zYzAwLTRkYzAtOGU5OS01ODU0MTlmODM3YmUiLCJlbWFpbCI6InpnN3l6b2hzbTJjZmJ6NGxidjBsQHRlc3QuY29tIiwicm9sZSI6IlVTRVIiLCJpc0FkbWluIjpmYWxzZSwic2lnblVwQ29tcGxldGVkIjp0cnVlLCJwcm92aWRlciI6IkxPQ0FMIiwiaWF0IjoxNzU2MDE5OTgyLCJleHAiOjE3NTYxMDYzODIsImF1ZCI6Im1jbGFzcy1jbGllbnQiLCJpc3MiOiJtY2xhc3Mtc2VydmVyIn0.xkSzth8yR8Ueo8X_Gf-QFiinsynHn2M3geK5opZuqcg
oznd8v0q92xdlnyckvw2@test.com,password123,eyJhbGciOiJIUzI1NiIsInR5cCI6IkpXVCJ9.eyJ1c2VySWQiOiJhODJhOWNmMi1jNThhLTQyYWMtYThjMC00ODVjMzQ2YmVlZGQiLCJlbWFpbCI6Im96bmQ4djBxOTJ4ZGxueWNrdncyQHRlc3QuY29tIiwicm9sZSI6IlVTRVIiLCJpc0FkbWluIjpmYWxzZSwic2lnblVwQ29tcGxldGVkIjp0cnVlLCJwcm92aWRlciI6IkxPQ0FMIiwiaWF0IjoxNzU2MDE5OTgzLCJleHAiOjE3NTYxMDYzODMsImF1ZCI6Im1jbGFzcy1jbGllbnQiLCJpc3MiOiJtY2xhc3Mtc2VydmVyIn0.8J1cjrWBPaXYIhxGY-pNQmHLeImT0tPI5p6_RWjRj9w
ug7a15s6reqjkcf5ty118@test.com,password123,eyJhbGciOiJIUzI1NiIsInR5cCI6IkpXVCJ9.eyJ1c2VySWQiOiJjOGYxZGUyMi0yZTNlLTQ4OGQtYjNmYi0zNjA2MjZlMTU1MzYiLCJlbWFpbCI6InVnN2ExNXM2cmVxamtjZjV0eTExOEB0ZXN0LmNvbSIsInJvbGUiOiJVU0VSIiwiaXNBZG1pbiI6ZmFsc2UsInNpZ25VcENvbXBsZXRlZCI6dHJ1ZSwicHJvdmlkZXIiOiJMT0NBTCIsImlhdCI6MTc1NjAxOTk4NCwiZXhwIjoxNzU2MTA2Mzg0LCJhdWQiOiJtY2xhc3MtY2xpZW50IiwiaXNzIjoibWNsYXNzLXNlcnZlciJ9._isqVNGeIp18IKUCvizs4qdXlNw9uAFhRmSvxmBY9yM
96mkv1t9is6erxhdnjwa1w@test.com,password123,eyJhbGciOiJIUzI1NiIsInR5cCI6IkpXVCJ9.eyJ1c2VySWQiOiJmNTQ3NmVmYS05NWE3LTRmZGMtOGRkZC01ZWY3MDQ1OWYxMWIiLCJlbWFpbCI6Ijk2bWt2MXQ5aXM2ZXJ4aGRuandhMXdAdGVzdC5jb20iLCJyb2xlIjoiVVNFUiIsImlzQWRtaW4iOmZhbHNlLCJzaWduVXBDb21wbGV0ZWQiOnRydWUsInByb3ZpZGVyIjoiTE9DQUwiLCJpYXQiOjE3NTYwMTk5ODUsImV4cCI6MTc1NjEwNjM4NSwiYXVkIjoibWNsYXNzLWNsaWVudCIsImlzcyI6Im1jbGFzcy1zZXJ2ZXIifQ.I3iqgoLtej7-dsjrLFRPlRKcnj5TL9MJA3KUbzyEYA8
xbcf0pvsy1b70cf1gvfpi@test.com,password123,eyJhbGciOiJIUzI1NiIsInR5cCI6IkpXVCJ9.eyJ1c2VySWQiOiJmZWJhOTY3Yi05YzZmLTQ0ZGEtYTNkZi1lOTM1ZDJiMmY3YzYiLCJlbWFpbCI6InhiY2YwcHZzeTFiNzBjZjFndmZwaUB0ZXN0LmNvbSIsInJvbGUiOiJVU0VSIiwiaXNBZG1pbiI6ZmFsc2UsInNpZ25VcENvbXBsZXRlZCI6dHJ1ZSwicHJvdmlkZXIiOiJMT0NBTCIsImlhdCI6MTc1NjAxOTk4NSwiZXhwIjoxNzU2MTA2Mzg1LCJhdWQiOiJtY2xhc3MtY2xpZW50IiwiaXNzIjoibWNsYXNzLXNlcnZlciJ9.nTDjRbNYJn0v-ZvRzlQS5ebaj6Nack1gAR7DZnpeLaU
wppr73osr7hs8wbt3qzwa@test.com,password123,eyJhbGciOiJIUzI1NiIsInR5cCI6IkpXVCJ9.eyJ1c2VySWQiOiJlMzFkYzA4Yy1lYTQ3LTQxYmQtODk4YS0wOTdhZTdlNDYxOTciLCJlbWFpbCI6IndwcHI3M29zcjdoczh3YnQzcXp3YUB0ZXN0LmNvbSIsInJvbGUiOiJVU0VSIiwiaXNBZG1pbiI6ZmFsc2UsInNpZ25VcENvbXBsZXRlZCI6dHJ1ZSwicHJvdmlkZXIiOiJMT0NBTCIsImlhdCI6MTc1NjAxOTk4NiwiZXhwIjoxNzU2MTA2Mzg2LCJhdWQiOiJtY2xhc3MtY2xpZW50IiwiaXNzIjoibWNsYXNzLXNlcnZlciJ9.fh2tjRpWY_kyN9Uyh_mY_MMCiOWgG8N-d3SVHFyp23g
q49yijppr6rfe6050duthr@test.com,password123,eyJhbGciOiJIUzI1NiIsInR5cCI6IkpXVCJ9.eyJ1c2VySWQiOiIxYjkwYWI0Mi0yNDY5LTQyNGItODg5NC0wMDMwN2Q2YzA2NzkiLCJlbWFpbCI6InE0OXlpanBwcjZyZmU2MDUwZHV0aHJAdGVzdC5jb20iLCJyb2xlIjoiVVNFUiIsImlzQWRtaW4iOmZhbHNlLCJzaWduVXBDb21wbGV0ZWQiOnRydWUsInByb3ZpZGVyIjoiTE9DQUwiLCJpYXQiOjE3NTYwMTk5ODcsImV4cCI6MTc1NjEwNjM4NywiYXVkIjoibWNsYXNzLWNsaWVudCIsImlzcyI6Im1jbGFzcy1zZXJ2ZXIifQ.GMKytuVrvFsHwUBY7j0VkabKE-N2lVr2-RjwTBbKBO4
x7bhulh6c5iev0354b7s@test.com,password123,eyJhbGciOiJIUzI1NiIsInR5cCI6IkpXVCJ9.eyJ1c2VySWQiOiJkMmY2ZmUyOC0zODRkLTQzYzMtYTIzYy1lYTgzZDRhZjNkZDYiLCJlbWFpbCI6Ing3Ymh1bGg2YzVpZXYwMzU0YjdzQHRlc3QuY29tIiwicm9sZSI6IlVTRVIiLCJpc0FkbWluIjpmYWxzZSwic2lnblVwQ29tcGxldGVkIjp0cnVlLCJwcm92aWRlciI6IkxPQ0FMIiwiaWF0IjoxNzU2MDE5OTg3LCJleHAiOjE3NTYxMDYzODcsImF1ZCI6Im1jbGFzcy1jbGllbnQiLCJpc3MiOiJtY2xhc3Mtc2VydmVyIn0.Vy19AUGXX100Tt1A3TnjAEyK_jzRAUPLd9Gj_73Pzac
sx9ybdsoa4x0k8zmogtv@test.com,password123,eyJhbGciOiJIUzI1NiIsInR5cCI6IkpXVCJ9.eyJ1c2VySWQiOiJmYjM1YmYxMS00YWIzLTRlMWMtOWYwMi1jMDk4ODYyMGE2NzkiLCJlbWFpbCI6InN4OXliZHNvYTR4MGs4em1vZ3R2QHRlc3QuY29tIiwicm9sZSI6IlVTRVIiLCJpc0FkbWluIjpmYWxzZSwic2lnblVwQ29tcGxldGVkIjp0cnVlLCJwcm92aWRlciI6IkxPQ0FMIiwiaWF0IjoxNzU2MDE5OTg5LCJleHAiOjE3NTYxMDYzODksImF1ZCI6Im1jbGFzcy1jbGllbnQiLCJpc3MiOiJtY2xhc3Mtc2VydmVyIn0.ei8UPRbrNwvXDbgYkJyvLSbAhJbVaGoyAWzPd-_yY8k
pniax0tov89u412wqpl2fd@test.com,password123,eyJhbGciOiJIUzI1NiIsInR5cCI6IkpXVCJ9.eyJ1c2VySWQiOiJlYTRkYjM3ZS0xMmY3LTRhMjUtOWI2YS1lOWI5YjA3MGNiMDIiLCJlbWFpbCI6InBuaWF4MHRvdjg5dTQxMndxcGwyZmRAdGVzdC5jb20iLCJyb2xlIjoiVVNFUiIsImlzQWRtaW4iOmZhbHNlLCJzaWduVXBDb21wbGV0ZWQiOnRydWUsInByb3ZpZGVyIjoiTE9DQUwiLCJpYXQiOjE3NTYwMTk5ODksImV4cCI6MTc1NjEwNjM4OSwiYXVkIjoibWNsYXNzLWNsaWVudCIsImlzcyI6Im1jbGFzcy1zZXJ2ZXIifQ.OLa7a0WZzD7wXOCvA4ePItqZEe4JKza2CUrjV8b4myc
l636df99f8tdzyinbsgao@test.com,password123,eyJhbGciOiJIUzI1NiIsInR5cCI6IkpXVCJ9.eyJ1c2VySWQiOiJjYzY2ZGJjNy0zZDM0LTQxN2ItODYyNy01Mzc3NWRjMmI4MzYiLCJlbWFpbCI6Imw2MzZkZjk5Zjh0ZHp5aW5ic2dhb0B0ZXN0LmNvbSIsInJvbGUiOiJVU0VSIiwiaXNBZG1pbiI6ZmFsc2UsInNpZ25VcENvbXBsZXRlZCI6dHJ1ZSwicHJvdmlkZXIiOiJMT0NBTCIsImlhdCI6MTc1NjAxOTk5MCwiZXhwIjoxNzU2MTA2MzkwLCJhdWQiOiJtY2xhc3MtY2xpZW50IiwiaXNzIjoibWNsYXNzLXNlcnZlciJ9.VJGQXMQVLsXsB-88GzuTqrymNAXxKji6IusNROlfCWc
g4xsgqumask1y7bclu20pu@test.com,password123,eyJhbGciOiJIUzI1NiIsInR5cCI6IkpXVCJ9.eyJ1c2VySWQiOiIxNTQwOTI5Yy0yMWNkLTRkNWEtYmYyYS1mMDhkYjZjMDczMDIiLCJlbWFpbCI6Imc0eHNncXVtYXNrMXk3YmNsdTIwcHVAdGVzdC5jb20iLCJyb2xlIjoiVVNFUiIsImlzQWRtaW4iOmZhbHNlLCJzaWduVXBDb21wbGV0ZWQiOnRydWUsInByb3ZpZGVyIjoiTE9DQUwiLCJpYXQiOjE3NTYwMTk5OTEsImV4cCI6MTc1NjEwNjM5MSwiYXVkIjoibWNsYXNzLWNsaWVudCIsImlzcyI6Im1jbGFzcy1zZXJ2ZXIifQ.bDDKHgbSOw7mRoaGnwiLYguZxhjlxwhqRme1P0bT7uY
2n5hvsw44t2q403ouk1qef@test.com,password123,eyJhbGciOiJIUzI1NiIsInR5cCI6IkpXVCJ9.eyJ1c2VySWQiOiIwNDFiMzJjMC1hZWE1LTRmYjctYTA1Mi05YzQ3NGU0MDNjOWQiLCJlbWFpbCI6IjJuNWh2c3c0NHQycTQwM291azFxZWZAdGVzdC5jb20iLCJyb2xlIjoiVVNFUiIsImlzQWRtaW4iOmZhbHNlLCJzaWduVXBDb21wbGV0ZWQiOnRydWUsInByb3ZpZGVyIjoiTE9DQUwiLCJpYXQiOjE3NTYwMTk5OTIsImV4cCI6MTc1NjEwNjM5MiwiYXVkIjoibWNsYXNzLWNsaWVudCIsImlzcyI6Im1jbGFzcy1zZXJ2ZXIifQ.FVZQ2MLSEtRiR7lCF-vOUKwGv3-9rQvScEQrGN4tOug
0uezxz2fjbtfqtja8vvqqv@test.com,password123,eyJhbGciOiJIUzI1NiIsInR5cCI6IkpXVCJ9.eyJ1c2VySWQiOiI2ZTA1NGNmZS1lYTk3LTQxNjktYmYyMS05NTA0MDU3Mzk1NDgiLCJlbWFpbCI6IjB1ZXp4ejJmamJ0ZnF0amE4dnZxcXZAdGVzdC5jb20iLCJyb2xlIjoiVVNFUiIsImlzQWRtaW4iOmZhbHNlLCJzaWduVXBDb21wbGV0ZWQiOnRydWUsInByb3ZpZGVyIjoiTE9DQUwiLCJpYXQiOjE3NTYwMTk5OTMsImV4cCI6MTc1NjEwNjM5MywiYXVkIjoibWNsYXNzLWNsaWVudCIsImlzcyI6Im1jbGFzcy1zZXJ2ZXIifQ.pC6HJym9K-DnQzrNidBBZjJTg55O6AAiZRw5S0Gzb1Y
2b59gnyz1ylmut70e3hv0a@test.com,password123,eyJhbGciOiJIUzI1NiIsInR5cCI6IkpXVCJ9.eyJ1c2VySWQiOiI3Yjk3MmY0Mi0yOWMwLTQ1YmQtODE0Yy03YjJmZDVjY2NiMjYiLCJlbWFpbCI6IjJiNTlnbnl6MXlsbXV0NzBlM2h2MGFAdGVzdC5jb20iLCJyb2xlIjoiVVNFUiIsImlzQWRtaW4iOmZhbHNlLCJzaWduVXBDb21wbGV0ZWQiOnRydWUsInByb3ZpZGVyIjoiTE9DQUwiLCJpYXQiOjE3NTYwMTk5OTQsImV4cCI6MTc1NjEwNjM5NCwiYXVkIjoibWNsYXNzLWNsaWVudCIsImlzcyI6Im1jbGFzcy1zZXJ2ZXIifQ.XDlK16CMsT16L9FqCAqSLi4gnaDg-jCJNfpUWvf6tvQ
fzq9jyjnjv6lw2ziihwcyd@test.com,password123,eyJhbGciOiJIUzI1NiIsInR5cCI6IkpXVCJ9.eyJ1c2VySWQiOiI4MTI0ZGU0NC05MDBlLTQ0YmMtOWY4MC03N2ZlZTMwOWYxM2MiLCJlbWFpbCI6ImZ6cTlqeWpuanY2bHcyemlpaHdjeWRAdGVzdC5jb20iLCJyb2xlIjoiVVNFUiIsImlzQWRtaW4iOmZhbHNlLCJzaWduVXBDb21wbGV0ZWQiOnRydWUsInByb3ZpZGVyIjoiTE9DQUwiLCJpYXQiOjE3NTYwMTk5OTQsImV4cCI6MTc1NjEwNjM5NCwiYXVkIjoibWNsYXNzLWNsaWVudCIsImlzcyI6Im1jbGFzcy1zZXJ2ZXIifQ.h_O3NpqK9C-xSZbX0gfuigsjYgMPbojhFUfxuySbBV0
5ebggf5pdcpve3fyerru0o@test.com,password123,eyJhbGciOiJIUzI1NiIsInR5cCI6IkpXVCJ9.eyJ1c2VySWQiOiIzN2NhYzc4Yy05ZjRlLTRlNTEtODI5OS0yNGE2ODczYTFkNTMiLCJlbWFpbCI6IjVlYmdnZjVwZGNwdmUzZnllcnJ1MG9AdGVzdC5jb20iLCJyb2xlIjoiVVNFUiIsImlzQWRtaW4iOmZhbHNlLCJzaWduVXBDb21wbGV0ZWQiOnRydWUsInByb3ZpZGVyIjoiTE9DQUwiLCJpYXQiOjE3NTYwMTk5OTUsImV4cCI6MTc1NjEwNjM5NSwiYXVkIjoibWNsYXNzLWNsaWVudCIsImlzcyI6Im1jbGFzcy1zZXJ2ZXIifQ.UcVLgwdfQEVJBHOcziVrFCk6wOfxI5-cClFHKiurbU0
soy5clkt4wfc9d944cn6a@test.com,password123,eyJhbGciOiJIUzI1NiIsInR5cCI6IkpXVCJ9.eyJ1c2VySWQiOiI3ZGJjZDMyNS02ZTFhLTQ3NzAtYThmNy03ZDRlMzcyNmY3NWMiLCJlbWFpbCI6InNveTVjbGt0NHdmYzlkOTQ0Y242YUB0ZXN0LmNvbSIsInJvbGUiOiJVU0VSIiwiaXNBZG1pbiI6ZmFsc2UsInNpZ25VcENvbXBsZXRlZCI6dHJ1ZSwicHJvdmlkZXIiOiJMT0NBTCIsImlhdCI6MTc1NjAxOTk5NiwiZXhwIjoxNzU2MTA2Mzk2LCJhdWQiOiJtY2xhc3MtY2xpZW50IiwiaXNzIjoibWNsYXNzLXNlcnZlciJ9.Gx_oRoPRx4Ix5VFNrLEiL-gQqDfFoElSyNlHtUbvJZc
6590pe5xs0m4zzv58ikl07@test.com,password123,eyJhbGciOiJIUzI1NiIsInR5cCI6IkpXVCJ9.eyJ1c2VySWQiOiJiMTNlNzA3Zi05MmFlLTRlNzEtYmQ2NC1hMmUzNjBjMGYyNzIiLCJlbWFpbCI6IjY1OTBwZTV4czBtNHp6djU4aWtsMDdAdGVzdC5jb20iLCJyb2xlIjoiVVNFUiIsImlzQWRtaW4iOmZhbHNlLCJzaWduVXBDb21wbGV0ZWQiOnRydWUsInByb3ZpZGVyIjoiTE9DQUwiLCJpYXQiOjE3NTYwMTk5OTcsImV4cCI6MTc1NjEwNjM5NywiYXVkIjoibWNsYXNzLWNsaWVudCIsImlzcyI6Im1jbGFzcy1zZXJ2ZXIifQ.qg0PdIc5mILBSFbUtOYxisxryQ8O3SIZx-ZsxTgVT4A
2hi54vjr4wen9oxogu6cds@test.com,password123,eyJhbGciOiJIUzI1NiIsInR5cCI6IkpXVCJ9.eyJ1c2VySWQiOiIzYmM3ZWU4NC05OWIyLTRlYmMtYmVlYy1mZGY0ODcwZjVkODYiLCJlbWFpbCI6IjJoaTU0dmpyNHdlbjlveG9ndTZjZHNAdGVzdC5jb20iLCJyb2xlIjoiVVNFUiIsImlzQWRtaW4iOmZhbHNlLCJzaWduVXBDb21wbGV0ZWQiOnRydWUsInByb3ZpZGVyIjoiTE9DQUwiLCJpYXQiOjE3NTYwMTk5OTcsImV4cCI6MTc1NjEwNjM5NywiYXVkIjoibWNsYXNzLWNsaWVudCIsImlzcyI6Im1jbGFzcy1zZXJ2ZXIifQ.OuPwNGNLEpjvwb1AlsR2fseq21AoeTd8KRzlaDR1R0w
7my347c4rg6q4ejf26ysnr@test.com,password123,eyJhbGciOiJIUzI1NiIsInR5cCI6IkpXVCJ9.eyJ1c2VySWQiOiJiYjBhMzI3NS03M2Q1LTQ5MTktOTQxOS04YzVlZGI1ODNhOGIiLCJlbWFpbCI6IjdteTM0N2M0cmc2cTRlamYyNnlzbnJAdGVzdC5jb20iLCJyb2xlIjoiVVNFUiIsImlzQWRtaW4iOmZhbHNlLCJzaWduVXBDb21wbGV0ZWQiOnRydWUsInByb3ZpZGVyIjoiTE9DQUwiLCJpYXQiOjE3NTYwMTk5OTksImV4cCI6MTc1NjEwNjM5OSwiYXVkIjoibWNsYXNzLWNsaWVudCIsImlzcyI6Im1jbGFzcy1zZXJ2ZXIifQ.HOvlmNYNC6pEkq2zglJsIiolJdSfvgk00tTe9fagkHM
n70h2sdxy7c0touu3sbn7ed@test.com,password123,eyJhbGciOiJIUzI1NiIsInR5cCI6IkpXVCJ9.eyJ1c2VySWQiOiIwZjE1MDIyNC1mNGFjLTRhZGMtOGUzOC1iYTQ1NDlhMDI4NDAiLCJlbWFpbCI6Im43MGgyc2R4eTdjMHRvdXUzc2JuN2VkQHRlc3QuY29tIiwicm9sZSI6IlVTRVIiLCJpc0FkbWluIjpmYWxzZSwic2lnblVwQ29tcGxldGVkIjp0cnVlLCJwcm92aWRlciI6IkxPQ0FMIiwiaWF0IjoxNzU2MDE5OTk5LCJleHAiOjE3NTYxMDYzOTksImF1ZCI6Im1jbGFzcy1jbGllbnQiLCJpc3MiOiJtY2xhc3Mtc2VydmVyIn0.Pi8Ax43_If3aef5JlPnaXX-WXhmcFPc6dBsM6h7Ja6I
ouv5pr0shufa27hho13q5@test.com,password123,eyJhbGciOiJIUzI1NiIsInR5cCI6IkpXVCJ9.eyJ1c2VySWQiOiJmMDBjMTUwZC03MjY3LTRiNjQtYTQ2ZS04ZDI4MDhmNWFkNzEiLCJlbWFpbCI6Im91djVwcjBzaHVmYTI3aGhvMTNxNUB0ZXN0LmNvbSIsInJvbGUiOiJVU0VSIiwiaXNBZG1pbiI6ZmFsc2UsInNpZ25VcENvbXBsZXRlZCI6dHJ1ZSwicHJvdmlkZXIiOiJMT0NBTCIsImlhdCI6MTc1NjAyMDAwMCwiZXhwIjoxNzU2MTA2NDAwLCJhdWQiOiJtY2xhc3MtY2xpZW50IiwiaXNzIjoibWNsYXNzLXNlcnZlciJ9.iIceH8pb-kMVKXQ9-czZvafYX5C9TGGnqyZH9SvXkUU
pyj04a8gcak4rpa0zriago@test.com,password123,eyJhbGciOiJIUzI1NiIsInR5cCI6IkpXVCJ9.eyJ1c2VySWQiOiI2YTA0MTY3YS02MDgyLTQwNTMtOGY3MS0wODQ2MjkyMzU5YzkiLCJlbWFpbCI6InB5ajA0YThnY2FrNHJwYTB6cmlhZ29AdGVzdC5jb20iLCJyb2xlIjoiVVNFUiIsImlzQWRtaW4iOmZhbHNlLCJzaWduVXBDb21wbGV0ZWQiOnRydWUsInByb3ZpZGVyIjoiTE9DQUwiLCJpYXQiOjE3NTYwMjAwMDEsImV4cCI6MTc1NjEwNjQwMSwiYXVkIjoibWNsYXNzLWNsaWVudCIsImlzcyI6Im1jbGFzcy1zZXJ2ZXIifQ.4iyq8_v0ZYw5hXpmI8fv0pWjN81h01EhHeV7OOKhBwQ
e1jwu33ztxmwtzpv0syg0d@test.com,password123,eyJhbGciOiJIUzI1NiIsInR5cCI6IkpXVCJ9.eyJ1c2VySWQiOiI3MmE3M2I5NC1jZDU1LTQwM2EtYjA4NC1jYzc5OTdkODA2ZmYiLCJlbWFpbCI6ImUxand1MzN6dHhtd3R6cHYwc3lnMGRAdGVzdC5jb20iLCJyb2xlIjoiVVNFUiIsImlzQWRtaW4iOmZhbHNlLCJzaWduVXBDb21wbGV0ZWQiOnRydWUsInByb3ZpZGVyIjoiTE9DQUwiLCJpYXQiOjE3NTYwMjAwMDIsImV4cCI6MTc1NjEwNjQwMiwiYXVkIjoibWNsYXNzLWNsaWVudCIsImlzcyI6Im1jbGFzcy1zZXJ2ZXIifQ.rjuaKbvUBEkE4sc6cDYGNPcOj5iDWz5rBU5g2aPPlgI
zyzlj665zvackp4zzlgcc@test.com,password123,eyJhbGciOiJIUzI1NiIsInR5cCI6IkpXVCJ9.eyJ1c2VySWQiOiI1ODdlOGEwOS02YmI4LTQ4ZjctODdhZS1kZjEwYTZlYzBhZWMiLCJlbWFpbCI6Inp5emxqNjY1enZhY2twNHp6bGdjY0B0ZXN0LmNvbSIsInJvbGUiOiJVU0VSIiwiaXNBZG1pbiI6ZmFsc2UsInNpZ25VcENvbXBsZXRlZCI6dHJ1ZSwicHJvdmlkZXIiOiJMT0NBTCIsImlhdCI6MTc1NjAyMDAwNCwiZXhwIjoxNzU2MTA2NDA0LCJhdWQiOiJtY2xhc3MtY2xpZW50IiwiaXNzIjoibWNsYXNzLXNlcnZlciJ9.pbQGdmuYhebzy0m11sdhryDe2KIBN0o3hEMlsAtqa4Y
2m46t1u2r2b9yz7ct97lzj@test.com,password123,eyJhbGciOiJIUzI1NiIsInR5cCI6IkpXVCJ9.eyJ1c2VySWQiOiJlYTBhMDk5NS1kZjg1LTRjNDAtODE4Yy1kMmNkMTViNDljNDMiLCJlbWFpbCI6IjJtNDZ0MXUycjJiOXl6N2N0OTdsempAdGVzdC5jb20iLCJyb2xlIjoiVVNFUiIsImlzQWRtaW4iOmZhbHNlLCJzaWduVXBDb21wbGV0ZWQiOnRydWUsInByb3ZpZGVyIjoiTE9DQUwiLCJpYXQiOjE3NTYwMjAwMDUsImV4cCI6MTc1NjEwNjQwNSwiYXVkIjoibWNsYXNzLWNsaWVudCIsImlzcyI6Im1jbGFzcy1zZXJ2ZXIifQ.O792fzzG0HXBH-SiNmesP2lWCDeKbwssOp2MoQz2xFY
o1ybjzr3xks0nlw86202g8@test.com,password123,eyJhbGciOiJIUzI1NiIsInR5cCI6IkpXVCJ9.eyJ1c2VySWQiOiIwOWE4MmIxOS04MGZkLTQ1Y2UtYTkwYS1lMmZhZjIyYmE0ZDYiLCJlbWFpbCI6Im8xeWJqenIzeGtzMG5sdzg2MjAyZzhAdGVzdC5jb20iLCJyb2xlIjoiVVNFUiIsImlzQWRtaW4iOmZhbHNlLCJzaWduVXBDb21wbGV0ZWQiOnRydWUsInByb3ZpZGVyIjoiTE9DQUwiLCJpYXQiOjE3NTYwMjAwMDUsImV4cCI6MTc1NjEwNjQwNSwiYXVkIjoibWNsYXNzLWNsaWVudCIsImlzcyI6Im1jbGFzcy1zZXJ2ZXIifQ.V6mmxS7ZqeL-HfKtz1_Br40LM5wQObi6Mx7HNt8MqOg
2qroloabqzedy5po72nue@test.com,password123,eyJhbGciOiJIUzI1NiIsInR5cCI6IkpXVCJ9.eyJ1c2VySWQiOiJmNGM4YWE1OS1lYTFjLTQxMzctOTI0YS1jYjVkYmI0Nzk5MmUiLCJlbWFpbCI6IjJxcm9sb2FicXplZHk1cG83Mm51ZUB0ZXN0LmNvbSIsInJvbGUiOiJVU0VSIiwiaXNBZG1pbiI6ZmFsc2UsInNpZ25VcENvbXBsZXRlZCI6dHJ1ZSwicHJvdmlkZXIiOiJMT0NBTCIsImlhdCI6MTc1NjAyMDAwNiwiZXhwIjoxNzU2MTA2NDA2LCJhdWQiOiJtY2xhc3MtY2xpZW50IiwiaXNzIjoibWNsYXNzLXNlcnZlciJ9.wI0bYBleaeL3LESR76d7bVDS6G_Vw1TipL0RM71atZU
78vbmjl4tcpozy532362hk@test.com,password123,eyJhbGciOiJIUzI1NiIsInR5cCI6IkpXVCJ9.eyJ1c2VySWQiOiI2ODFhNWZkMy04NDE1LTQ0ZGMtYTk3Ni04Yzg1M2I3NmJmZjAiLCJlbWFpbCI6Ijc4dmJtamw0dGNwb3p5NTMyMzYyaGtAdGVzdC5jb20iLCJyb2xlIjoiVVNFUiIsImlzQWRtaW4iOmZhbHNlLCJzaWduVXBDb21wbGV0ZWQiOnRydWUsInByb3ZpZGVyIjoiTE9DQUwiLCJpYXQiOjE3NTYwMjAwMDcsImV4cCI6MTc1NjEwNjQwNywiYXVkIjoibWNsYXNzLWNsaWVudCIsImlzcyI6Im1jbGFzcy1zZXJ2ZXIifQ.Ou8VSMZ90yNc_Mf-pt7R9QAZluHCFV0HKqelgZ-gVaQ
23owkgcgtm9l3aqzrpsmgb@test.com,password123,eyJhbGciOiJIUzI1NiIsInR5cCI6IkpXVCJ9.eyJ1c2VySWQiOiI1MGRlOWQ5Zi02NGYwLTRmOTEtOTA4MC04MGE5ZGYzZmYxZjUiLCJlbWFpbCI6IjIzb3drZ2NndG05bDNhcXpycHNtZ2JAdGVzdC5jb20iLCJyb2xlIjoiVVNFUiIsImlzQWRtaW4iOmZhbHNlLCJzaWduVXBDb21wbGV0ZWQiOnRydWUsInByb3ZpZGVyIjoiTE9DQUwiLCJpYXQiOjE3NTYwMjAwMDgsImV4cCI6MTc1NjEwNjQwOCwiYXVkIjoibWNsYXNzLWNsaWVudCIsImlzcyI6Im1jbGFzcy1zZXJ2ZXIifQ.X01wpn-7H6ZC_2ubzcqCbs9_gBn7jx7uurRwo6wTTNY
myqaclcciuohhrr9mgpja9@test.com,password123,eyJhbGciOiJIUzI1NiIsInR5cCI6IkpXVCJ9.eyJ1c2VySWQiOiI2NzQ1ODAzOS1hMGE4LTQ5MTQtYjk3OS1lNWNhYzZmNjA3YjQiLCJlbWFpbCI6Im15cWFjbGNjaXVvaGhycjltZ3BqYTlAdGVzdC5jb20iLCJyb2xlIjoiVVNFUiIsImlzQWRtaW4iOmZhbHNlLCJzaWduVXBDb21wbGV0ZWQiOnRydWUsInByb3ZpZGVyIjoiTE9DQUwiLCJpYXQiOjE3NTYwMjAwMDksImV4cCI6MTc1NjEwNjQwOSwiYXVkIjoibWNsYXNzLWNsaWVudCIsImlzcyI6Im1jbGFzcy1zZXJ2ZXIifQ.t5W1gbPSZXuf0yOEH7Jq1PK_oLW_kjIedc_B3sFa78g
4t6zlu8fy7blq987xknsc@test.com,password123,eyJhbGciOiJIUzI1NiIsInR5cCI6IkpXVCJ9.eyJ1c2VySWQiOiIyMjU2NjJkYS1mNmM1LTQ4NTEtYmMxNy1hYWQwOTcwZWNkZDIiLCJlbWFpbCI6IjR0NnpsdThmeTdibHE5ODd4a25zY0B0ZXN0LmNvbSIsInJvbGUiOiJVU0VSIiwiaXNBZG1pbiI6ZmFsc2UsInNpZ25VcENvbXBsZXRlZCI6dHJ1ZSwicHJvdmlkZXIiOiJMT0NBTCIsImlhdCI6MTc1NjAyMDAwOSwiZXhwIjoxNzU2MTA2NDA5LCJhdWQiOiJtY2xhc3MtY2xpZW50IiwiaXNzIjoibWNsYXNzLXNlcnZlciJ9.yGLfqgFXr3xZAGJxdTtYMuwdy2ypfjxc4LxhvqwdZlg
csn7asin89qbp8eqytx1uq@test.com,password123,eyJhbGciOiJIUzI1NiIsInR5cCI6IkpXVCJ9.eyJ1c2VySWQiOiJjZWEzNTlmZC1iNmM0LTQxZjQtOWU3YS1iYTc1NTdkZGYzNGYiLCJlbWFpbCI6ImNzbjdhc2luODlxYnA4ZXF5dHgxdXFAdGVzdC5jb20iLCJyb2xlIjoiVVNFUiIsImlzQWRtaW4iOmZhbHNlLCJzaWduVXBDb21wbGV0ZWQiOnRydWUsInByb3ZpZGVyIjoiTE9DQUwiLCJpYXQiOjE3NTYwMjAwMTAsImV4cCI6MTc1NjEwNjQxMCwiYXVkIjoibWNsYXNzLWNsaWVudCIsImlzcyI6Im1jbGFzcy1zZXJ2ZXIifQ.L5bOLb9a4W5Fnr8VsO9RIVixXIBSCcCeCOQKP-geowQ
jm7mmr5594qgb54k4qtz3c@test.com,password123,eyJhbGciOiJIUzI1NiIsInR5cCI6IkpXVCJ9.eyJ1c2VySWQiOiJhYmM3OWNhMS0zZjEyLTQ5YjMtOGQwZi04MzZlYzc3MzQ1NDkiLCJlbWFpbCI6ImptN21tcjU1OTRxZ2I1NGs0cXR6M2NAdGVzdC5jb20iLCJyb2xlIjoiVVNFUiIsImlzQWRtaW4iOmZhbHNlLCJzaWduVXBDb21wbGV0ZWQiOnRydWUsInByb3ZpZGVyIjoiTE9DQUwiLCJpYXQiOjE3NTYwMjAwMTEsImV4cCI6MTc1NjEwNjQxMSwiYXVkIjoibWNsYXNzLWNsaWVudCIsImlzcyI6Im1jbGFzcy1zZXJ2ZXIifQ.hjzXXOuuGs9vyKjH547bXICQMMFBEVLj6WxIu7xuD9o
cphxt1tmlz2o9wrrnz2eq@test.com,password123,eyJhbGciOiJIUzI1NiIsInR5cCI6IkpXVCJ9.eyJ1c2VySWQiOiJkOWVjMDc4Yi03MmQyLTQ3MWMtODdmMi02YmI3NGUwNjNjZWEiLCJlbWFpbCI6ImNwaHh0MXRtbHoybzl3cnJuejJlcUB0ZXN0LmNvbSIsInJvbGUiOiJVU0VSIiwiaXNBZG1pbiI6ZmFsc2UsInNpZ25VcENvbXBsZXRlZCI6dHJ1ZSwicHJvdmlkZXIiOiJMT0NBTCIsImlhdCI6MTc1NjAyMDAxMSwiZXhwIjoxNzU2MTA2NDExLCJhdWQiOiJtY2xhc3MtY2xpZW50IiwiaXNzIjoibWNsYXNzLXNlcnZlciJ9.lIZo3pON9FpffOeAl-PEnnvOlBJN7T7oKXPe8g4lTts
pudql2i9t4h95pn0b9g0e8@test.com,password123,eyJhbGciOiJIUzI1NiIsInR5cCI6IkpXVCJ9.eyJ1c2VySWQiOiI3YTY4OWY5NS01M2JlLTRmM2MtYTk5Ny1kM2I0NDIyZmUyZDQiLCJlbWFpbCI6InB1ZHFsMmk5dDRoOTVwbjBiOWcwZThAdGVzdC5jb20iLCJyb2xlIjoiVVNFUiIsImlzQWRtaW4iOmZhbHNlLCJzaWduVXBDb21wbGV0ZWQiOnRydWUsInByb3ZpZGVyIjoiTE9DQUwiLCJpYXQiOjE3NTYwMjAwMTIsImV4cCI6MTc1NjEwNjQxMiwiYXVkIjoibWNsYXNzLWNsaWVudCIsImlzcyI6Im1jbGFzcy1zZXJ2ZXIifQ.bv8QlOPzyH-lAE0LSchUdq-b72KJNtmsns-itce4B-4
mve7rm85muopc1hz7u163a@test.com,password123,eyJhbGciOiJIUzI1NiIsInR5cCI6IkpXVCJ9.eyJ1c2VySWQiOiIxZjVjMzBlNS1iYTEyLTQ4NDAtYTcyZS1kNWM3MjIwYjFjNTUiLCJlbWFpbCI6Im12ZTdybTg1bXVvcGMxaHo3dTE2M2FAdGVzdC5jb20iLCJyb2xlIjoiVVNFUiIsImlzQWRtaW4iOmZhbHNlLCJzaWduVXBDb21wbGV0ZWQiOnRydWUsInByb3ZpZGVyIjoiTE9DQUwiLCJpYXQiOjE3NTYwMjAwMTMsImV4cCI6MTc1NjEwNjQxMywiYXVkIjoibWNsYXNzLWNsaWVudCIsImlzcyI6Im1jbGFzcy1zZXJ2ZXIifQ.dqg6i9hpdzdlYgn4gPVEYbz8U4Ukp9nR6bkrz-_Nizg
9m7v0pjlc99znkddnlcqs@test.com,password123,eyJhbGciOiJIUzI1NiIsInR5cCI6IkpXVCJ9.eyJ1c2VySWQiOiI1Zjc4MGM3Ni1jY2MxLTRlODQtODA1MS1mZGU0ZDVmNjY4NTEiLCJlbWFpbCI6IjltN3YwcGpsYzk5em5rZGRubGNxc0B0ZXN0LmNvbSIsInJvbGUiOiJVU0VSIiwiaXNBZG1pbiI6ZmFsc2UsInNpZ25VcENvbXBsZXRlZCI6dHJ1ZSwicHJvdmlkZXIiOiJMT0NBTCIsImlhdCI6MTc1NjAyMDAxNCwiZXhwIjoxNzU2MTA2NDE0LCJhdWQiOiJtY2xhc3MtY2xpZW50IiwiaXNzIjoibWNsYXNzLXNlcnZlciJ9.8QMX2z-BkCsabM8XyRX8zRTZtG7Ra3K0GegdwbTfPlo
mk1y9bfeciyquedzdxo98@test.com,password123,eyJhbGciOiJIUzI1NiIsInR5cCI6IkpXVCJ9.eyJ1c2VySWQiOiI1YjA2YzU4ZC1jNzhmLTRkN2EtYTliMi1kZmYyNzdhZTk4MDMiLCJlbWFpbCI6Im1rMXk5YmZlY2l5cXVlZHpkeG85OEB0ZXN0LmNvbSIsInJvbGUiOiJVU0VSIiwiaXNBZG1pbiI6ZmFsc2UsInNpZ25VcENvbXBsZXRlZCI6dHJ1ZSwicHJvdmlkZXIiOiJMT0NBTCIsImlhdCI6MTc1NjAyMDAxNCwiZXhwIjoxNzU2MTA2NDE0LCJhdWQiOiJtY2xhc3MtY2xpZW50IiwiaXNzIjoibWNsYXNzLXNlcnZlciJ9.h_DR6fWNHxQ2HIp_4mtPYe-BSEz8eN4n1_WB0SxAHUw
vhgsdrogqmsomxf40956a@test.com,password123,eyJhbGciOiJIUzI1NiIsInR5cCI6IkpXVCJ9.eyJ1c2VySWQiOiIzY2ViMTI5Yi01OTQ3LTQxYWMtYWYzMi02ZGFmMzZiNTlhNjkiLCJlbWFpbCI6InZoZ3Nkcm9ncW1zb214ZjQwOTU2YUB0ZXN0LmNvbSIsInJvbGUiOiJVU0VSIiwiaXNBZG1pbiI6ZmFsc2UsInNpZ25VcENvbXBsZXRlZCI6dHJ1ZSwicHJvdmlkZXIiOiJMT0NBTCIsImlhdCI6MTc1NjAyMDAxNSwiZXhwIjoxNzU2MTA2NDE1LCJhdWQiOiJtY2xhc3MtY2xpZW50IiwiaXNzIjoibWNsYXNzLXNlcnZlciJ9.RDwGG-p_nOIPbteO6k6RaiG_L0Gu_rnyaIEj_IUJztg
y9fbvtt1ncm3bf3kxe4z18@test.com,password123,eyJhbGciOiJIUzI1NiIsInR5cCI6IkpXVCJ9.eyJ1c2VySWQiOiJiYjY5NzE0ZS00MmVjLTQ5YWMtOTBhNC01ZTc0YTJmNTFkNjAiLCJlbWFpbCI6Ink5ZmJ2dHQxbmNtM2JmM2t4ZTR6MThAdGVzdC5jb20iLCJyb2xlIjoiVVNFUiIsImlzQWRtaW4iOmZhbHNlLCJzaWduVXBDb21wbGV0ZWQiOnRydWUsInByb3ZpZGVyIjoiTE9DQUwiLCJpYXQiOjE3NTYwMjAwMTYsImV4cCI6MTc1NjEwNjQxNiwiYXVkIjoibWNsYXNzLWNsaWVudCIsImlzcyI6Im1jbGFzcy1zZXJ2ZXIifQ.NzF2s8F5jJJSAMF-xsaNw65RbEsoLfgbnEWbA08eR90
oqkotonmgcmjkpsu2jxyy@test.com,password123,eyJhbGciOiJIUzI1NiIsInR5cCI6IkpXVCJ9.eyJ1c2VySWQiOiI4NzdmMGIzOC1mZTY0LTRlNTEtYWZkZi1jMjBlNTJkZTczODAiLCJlbWFpbCI6Im9xa290b25tZ2Ntamtwc3Uyanh5eUB0ZXN0LmNvbSIsInJvbGUiOiJVU0VSIiwiaXNBZG1pbiI6ZmFsc2UsInNpZ25VcENvbXBsZXRlZCI6dHJ1ZSwicHJvdmlkZXIiOiJMT0NBTCIsImlhdCI6MTc1NjAyMDAxNiwiZXhwIjoxNzU2MTA2NDE2LCJhdWQiOiJtY2xhc3MtY2xpZW50IiwiaXNzIjoibWNsYXNzLXNlcnZlciJ9.ZosO3gG9edxnEWQ0H2p5O572lYthTU5_sEvtA6iTNVc
fk3gawmj2aj6s9lpbgqxee@test.com,password123,eyJhbGciOiJIUzI1NiIsInR5cCI6IkpXVCJ9.eyJ1c2VySWQiOiJjNWVjNWUxZC00MjJmLTQyZTItODA0MC0xMWU2ZTIzZGFlMDEiLCJlbWFpbCI6ImZrM2dhd21qMmFqNnM5bHBiZ3F4ZWVAdGVzdC5jb20iLCJyb2xlIjoiVVNFUiIsImlzQWRtaW4iOmZhbHNlLCJzaWduVXBDb21wbGV0ZWQiOnRydWUsInByb3ZpZGVyIjoiTE9DQUwiLCJpYXQiOjE3NTYwMjAwMTcsImV4cCI6MTc1NjEwNjQxNywiYXVkIjoibWNsYXNzLWNsaWVudCIsImlzcyI6Im1jbGFzcy1zZXJ2ZXIifQ.yyLyA76vQNpfS38tixlI7m6KLyLPJNAn2xhm34YcA8g
3u9uzz6s37w7ugtd6rhunq@test.com,password123,eyJhbGciOiJIUzI1NiIsInR5cCI6IkpXVCJ9.eyJ1c2VySWQiOiJjYzg5MTY0NC0xOTZlLTQ4ZDctYTAzZi1iZDJiMmE4YzFlN2EiLCJlbWFpbCI6IjN1OXV6ejZzMzd3N3VndGQ2cmh1bnFAdGVzdC5jb20iLCJyb2xlIjoiVVNFUiIsImlzQWRtaW4iOmZhbHNlLCJzaWduVXBDb21wbGV0ZWQiOnRydWUsInByb3ZpZGVyIjoiTE9DQUwiLCJpYXQiOjE3NTYwMjAwMTgsImV4cCI6MTc1NjEwNjQxOCwiYXVkIjoibWNsYXNzLWNsaWVudCIsImlzcyI6Im1jbGFzcy1zZXJ2ZXIifQ.W7-VBvMpgg7mOxnZJsxSXhfVv-A12PT3bC7UuXwPKzk
cu1umdvoektaebnmopc5nh@test.com,password123,eyJhbGciOiJIUzI1NiIsInR5cCI6IkpXVCJ9.eyJ1c2VySWQiOiI0NWVkYWQxYi05NjQ1LTQzMmItODIwNC1lY2MzYTliYjg0YTgiLCJlbWFpbCI6ImN1MXVtZHZvZWt0YWVibm1vcGM1bmhAdGVzdC5jb20iLCJyb2xlIjoiVVNFUiIsImlzQWRtaW4iOmZhbHNlLCJzaWduVXBDb21wbGV0ZWQiOnRydWUsInByb3ZpZGVyIjoiTE9DQUwiLCJpYXQiOjE3NTYwMjAwMTksImV4cCI6MTc1NjEwNjQxOSwiYXVkIjoibWNsYXNzLWNsaWVudCIsImlzcyI6Im1jbGFzcy1zZXJ2ZXIifQ.P12Wf17q7INX2w1PKvG7Y3DSTqb00cxZ_XN-wdnT26c
q4o5l7lpuw9uuy702kyqik@test.com,password123,eyJhbGciOiJIUzI1NiIsInR5cCI6IkpXVCJ9.eyJ1c2VySWQiOiIxOTczNDI5Ni1jMzdhLTRiN2QtOTE3MC1lNDRiMjU1ZWQxZjciLCJlbWFpbCI6InE0bzVsN2xwdXc5dXV5NzAya3lxaWtAdGVzdC5jb20iLCJyb2xlIjoiVVNFUiIsImlzQWRtaW4iOmZhbHNlLCJzaWduVXBDb21wbGV0ZWQiOnRydWUsInByb3ZpZGVyIjoiTE9DQUwiLCJpYXQiOjE3NTYwMjAwMjAsImV4cCI6MTc1NjEwNjQyMCwiYXVkIjoibWNsYXNzLWNsaWVudCIsImlzcyI6Im1jbGFzcy1zZXJ2ZXIifQ.lNaG_2BOSwO--vC280rJ1U01ZMgPwhhoQY69JfbAQ_s
eqn2gdq3hk41gkh08od3vj@test.com,password123,eyJhbGciOiJIUzI1NiIsInR5cCI6IkpXVCJ9.eyJ1c2VySWQiOiI4ZWU1MzYxYS02YTlkLTQ1ZWMtOGUwNy1lYzRmNDA3NWRkZDciLCJlbWFpbCI6ImVxbjJnZHEzaGs0MWdraDA4b2QzdmpAdGVzdC5jb20iLCJyb2xlIjoiVVNFUiIsImlzQWRtaW4iOmZhbHNlLCJzaWduVXBDb21wbGV0ZWQiOnRydWUsInByb3ZpZGVyIjoiTE9DQUwiLCJpYXQiOjE3NTYwMjAwMjAsImV4cCI6MTc1NjEwNjQyMCwiYXVkIjoibWNsYXNzLWNsaWVudCIsImlzcyI6Im1jbGFzcy1zZXJ2ZXIifQ.g4Y8W7gzUzAPRJT9-pWu_PA3v1j_svZ0Q-csBFY89OQ
kjzi4x0m04d96z815px7t4@test.com,password123,eyJhbGciOiJIUzI1NiIsInR5cCI6IkpXVCJ9.eyJ1c2VySWQiOiI4MmZhOTkwNi04Y2NiLTQ2YTAtOGQxNC03M2EzMzdmM2JkOGQiLCJlbWFpbCI6Imtqemk0eDBtMDRkOTZ6ODE1cHg3dDRAdGVzdC5jb20iLCJyb2xlIjoiVVNFUiIsImlzQWRtaW4iOmZhbHNlLCJzaWduVXBDb21wbGV0ZWQiOnRydWUsInByb3ZpZGVyIjoiTE9DQUwiLCJpYXQiOjE3NTYwMjAwMjEsImV4cCI6MTc1NjEwNjQyMSwiYXVkIjoibWNsYXNzLWNsaWVudCIsImlzcyI6Im1jbGFzcy1zZXJ2ZXIifQ.jaT__Y4T0AoblNNdyzFp-4_q4dpCqOLZ36Z-wRawKiM
sajjpyyiib5hlrv1fcspu@test.com,password123,eyJhbGciOiJIUzI1NiIsInR5cCI6IkpXVCJ9.eyJ1c2VySWQiOiJkODQ4ODAzNS1iMmRmLTQ5YzItOWNiYi0wNmY5N2I5NzBiNWEiLCJlbWFpbCI6InNhampweXlpaWI1aGxydjFmY3NwdUB0ZXN0LmNvbSIsInJvbGUiOiJVU0VSIiwiaXNBZG1pbiI6ZmFsc2UsInNpZ25VcENvbXBsZXRlZCI6dHJ1ZSwicHJvdmlkZXIiOiJMT0NBTCIsImlhdCI6MTc1NjAyMDAyMiwiZXhwIjoxNzU2MTA2NDIyLCJhdWQiOiJtY2xhc3MtY2xpZW50IiwiaXNzIjoibWNsYXNzLXNlcnZlciJ9.hZm-KWsSXtvCBr6wkLW_7_eT21lkQPvWNrlYqN78ft8
2xuuar8pg0843sdr7sdo89@test.com,password123,eyJhbGciOiJIUzI1NiIsInR5cCI6IkpXVCJ9.eyJ1c2VySWQiOiIzNDM4NmU4Ny00ZTQzLTRkYTYtOTY2OC0zZTkwYjdjYTg2YmQiLCJlbWFpbCI6IjJ4dXVhcjhwZzA4NDNzZHI3c2RvODlAdGVzdC5jb20iLCJyb2xlIjoiVVNFUiIsImlzQWRtaW4iOmZhbHNlLCJzaWduVXBDb21wbGV0ZWQiOnRydWUsInByb3ZpZGVyIjoiTE9DQUwiLCJpYXQiOjE3NTYwMjAwMjIsImV4cCI6MTc1NjEwNjQyMiwiYXVkIjoibWNsYXNzLWNsaWVudCIsImlzcyI6Im1jbGFzcy1zZXJ2ZXIifQ.3nl0eqKh0K30b2F-8VUvnZthybWdbZc4fsHT9VNvw8s
akswe8ea845k7230g9v5o@test.com,password123,eyJhbGciOiJIUzI1NiIsInR5cCI6IkpXVCJ9.eyJ1c2VySWQiOiIxY2U3M2M4Yi00ZDNjLTQ4NGUtODhmMi1mNWU5NzFjOTIyODEiLCJlbWFpbCI6ImFrc3dlOGVhODQ1azcyMzBnOXY1b0B0ZXN0LmNvbSIsInJvbGUiOiJVU0VSIiwiaXNBZG1pbiI6ZmFsc2UsInNpZ25VcENvbXBsZXRlZCI6dHJ1ZSwicHJvdmlkZXIiOiJMT0NBTCIsImlhdCI6MTc1NjAyMDAyNCwiZXhwIjoxNzU2MTA2NDI0LCJhdWQiOiJtY2xhc3MtY2xpZW50IiwiaXNzIjoibWNsYXNzLXNlcnZlciJ9.H_qsINMAv6iOokLnt_8uz13-4P7YBR_d1zp25z-RSAE
cku53qjdzb7tieyrt6hv5@test.com,password123,eyJhbGciOiJIUzI1NiIsInR5cCI6IkpXVCJ9.eyJ1c2VySWQiOiIzMTA0NzVkYS01Njc0LTQ3NmUtYjVkNC05MTQxZTI2MmI5YTIiLCJlbWFpbCI6ImNrdTUzcWpkemI3dGlleXJ0Nmh2NUB0ZXN0LmNvbSIsInJvbGUiOiJVU0VSIiwiaXNBZG1pbiI6ZmFsc2UsInNpZ25VcENvbXBsZXRlZCI6dHJ1ZSwicHJvdmlkZXIiOiJMT0NBTCIsImlhdCI6MTc1NjAyMDAyNCwiZXhwIjoxNzU2MTA2NDI0LCJhdWQiOiJtY2xhc3MtY2xpZW50IiwiaXNzIjoibWNsYXNzLXNlcnZlciJ9.zXFcdPR-qGrWTtohJjftorXqr1He1XJ9TQQmHxvn2jA
m5ymhxg5u27q0nhbfctyl@test.com,password123,eyJhbGciOiJIUzI1NiIsInR5cCI6IkpXVCJ9.eyJ1c2VySWQiOiJjZWQzMWIwNy1hMDYwLTRlYjctYWNlMi01OWM5OGQ3NGRiMTAiLCJlbWFpbCI6Im01eW1oeGc1dTI3cTBuaGJmY3R5bEB0ZXN0LmNvbSIsInJvbGUiOiJVU0VSIiwiaXNBZG1pbiI6ZmFsc2UsInNpZ25VcENvbXBsZXRlZCI6dHJ1ZSwicHJvdmlkZXIiOiJMT0NBTCIsImlhdCI6MTc1NjAyMDAyNSwiZXhwIjoxNzU2MTA2NDI1LCJhdWQiOiJtY2xhc3MtY2xpZW50IiwiaXNzIjoibWNsYXNzLXNlcnZlciJ9.NFApdNeNgOwNwCzIbNN0U3oIXzXtdFVvslAGguTIIW8
41m3u1a4s9slf8fdv7h1yq@test.com,password123,eyJhbGciOiJIUzI1NiIsInR5cCI6IkpXVCJ9.eyJ1c2VySWQiOiJhODQ5ZWRlMi0zNjU3LTQwYWUtODI0MS0yYmQ5MzNmNjIyNzEiLCJlbWFpbCI6IjQxbTN1MWE0czlzbGY4ZmR2N2gxeXFAdGVzdC5jb20iLCJyb2xlIjoiVVNFUiIsImlzQWRtaW4iOmZhbHNlLCJzaWduVXBDb21wbGV0ZWQiOnRydWUsInByb3ZpZGVyIjoiTE9DQUwiLCJpYXQiOjE3NTYwMjAwMjYsImV4cCI6MTc1NjEwNjQyNiwiYXVkIjoibWNsYXNzLWNsaWVudCIsImlzcyI6Im1jbGFzcy1zZXJ2ZXIifQ.5jSjm9fHj-TdwHqkePxKcdpe4KlOO5OSO9ZmhooCPI0
5sy99f885q3vau5kaxsqc@test.com,password123,eyJhbGciOiJIUzI1NiIsInR5cCI6IkpXVCJ9.eyJ1c2VySWQiOiJkMjM0OWQ0ZC0wNDU0LTQwZmMtOWY3OC1iMjNlM2ZkMjg4ZjEiLCJlbWFpbCI6IjVzeTk5Zjg4NXEzdmF1NWtheHNxY0B0ZXN0LmNvbSIsInJvbGUiOiJVU0VSIiwiaXNBZG1pbiI6ZmFsc2UsInNpZ25VcENvbXBsZXRlZCI6dHJ1ZSwicHJvdmlkZXIiOiJMT0NBTCIsImlhdCI6MTc1NjAyMDAyNiwiZXhwIjoxNzU2MTA2NDI2LCJhdWQiOiJtY2xhc3MtY2xpZW50IiwiaXNzIjoibWNsYXNzLXNlcnZlciJ9.Dux9J7yV1_ITWi1X1-ErxN7VEggQqbtYvShQLMqjrNY
wryeqnu07ypl4huiar1wkk@test.com,password123,eyJhbGciOiJIUzI1NiIsInR5cCI6IkpXVCJ9.eyJ1c2VySWQiOiI4NjAwZTFjZS1jMjhmLTRlYzktOGY2MS04NjQzZmMwM2M5YTgiLCJlbWFpbCI6IndyeWVxbnUwN3lwbDRodWlhcjF3a2tAdGVzdC5jb20iLCJyb2xlIjoiVVNFUiIsImlzQWRtaW4iOmZhbHNlLCJzaWduVXBDb21wbGV0ZWQiOnRydWUsInByb3ZpZGVyIjoiTE9DQUwiLCJpYXQiOjE3NTYwMjAwMjcsImV4cCI6MTc1NjEwNjQyNywiYXVkIjoibWNsYXNzLWNsaWVudCIsImlzcyI6Im1jbGFzcy1zZXJ2ZXIifQ.2-IbAuBQQZglv5_P-fczL_NuZfdaYvo1WKGj4pbOvrc
smzrr5mipzbvi81b874oob@test.com,password123,eyJhbGciOiJIUzI1NiIsInR5cCI6IkpXVCJ9.eyJ1c2VySWQiOiJhNDQxNTlkYS00YWZiLTRjZTUtOTFmOC1jZDg2OTJjNmMzZDEiLCJlbWFpbCI6InNtenJyNW1pcHpidmk4MWI4NzRvb2JAdGVzdC5jb20iLCJyb2xlIjoiVVNFUiIsImlzQWRtaW4iOmZhbHNlLCJzaWduVXBDb21wbGV0ZWQiOnRydWUsInByb3ZpZGVyIjoiTE9DQUwiLCJpYXQiOjE3NTYwMjAwMjgsImV4cCI6MTc1NjEwNjQyOCwiYXVkIjoibWNsYXNzLWNsaWVudCIsImlzcyI6Im1jbGFzcy1zZXJ2ZXIifQ.q_wH5CYR5UnFXNTBlYfboH5RRUcPQ7JtzemFlzzZQ7k
vdul8wpftfg52wl1q5hc@test.com,password123,eyJhbGciOiJIUzI1NiIsInR5cCI6IkpXVCJ9.eyJ1c2VySWQiOiIxNDNiZDRiZC1jNWIxLTQzNzAtYWRiMS0wMmY2MTU0ZjYzMjUiLCJlbWFpbCI6InZkdWw4d3BmdGZnNTJ3bDFxNWhjQHRlc3QuY29tIiwicm9sZSI6IlVTRVIiLCJpc0FkbWluIjpmYWxzZSwic2lnblVwQ29tcGxldGVkIjp0cnVlLCJwcm92aWRlciI6IkxPQ0FMIiwiaWF0IjoxNzU2MDIwMDI5LCJleHAiOjE3NTYxMDY0MjksImF1ZCI6Im1jbGFzcy1jbGllbnQiLCJpc3MiOiJtY2xhc3Mtc2VydmVyIn0.c0udryW4q6ugalQ-gRscod6WJ7_zlwB-yedV6MPbGxo
unu8irdeb0qbfoq0aiakab@test.com,password123,eyJhbGciOiJIUzI1NiIsInR5cCI6IkpXVCJ9.eyJ1c2VySWQiOiIzOTRlMTk2YS0wMDBlLTRjYjEtYTFmMC05ODZlZTM4YTJlZTMiLCJlbWFpbCI6InVudThpcmRlYjBxYmZvcTBhaWFrYWJAdGVzdC5jb20iLCJyb2xlIjoiVVNFUiIsImlzQWRtaW4iOmZhbHNlLCJzaWduVXBDb21wbGV0ZWQiOnRydWUsInByb3ZpZGVyIjoiTE9DQUwiLCJpYXQiOjE3NTYwMjAwMzAsImV4cCI6MTc1NjEwNjQzMCwiYXVkIjoibWNsYXNzLWNsaWVudCIsImlzcyI6Im1jbGFzcy1zZXJ2ZXIifQ.neQbCH2pON8emM0AirI65PVVfr1GOrofg4J4ZiZK9PE
5n25l5qdejkuytc81uavis@test.com,password123,eyJhbGciOiJIUzI1NiIsInR5cCI6IkpXVCJ9.eyJ1c2VySWQiOiI2MTU3MDRjYS0yMTZkLTRhM2ItYTBiNS0yOThhMmZjMzUzMzMiLCJlbWFpbCI6IjVuMjVsNXFkZWprdXl0YzgxdWF2aXNAdGVzdC5jb20iLCJyb2xlIjoiVVNFUiIsImlzQWRtaW4iOmZhbHNlLCJzaWduVXBDb21wbGV0ZWQiOnRydWUsInByb3ZpZGVyIjoiTE9DQUwiLCJpYXQiOjE3NTYwMjAwMzAsImV4cCI6MTc1NjEwNjQzMCwiYXVkIjoibWNsYXNzLWNsaWVudCIsImlzcyI6Im1jbGFzcy1zZXJ2ZXIifQ.sGQbD9fzk1RWvV46FGp3nT44bssZsENZXR3_uFK4IVQ
xz2pe8f1ngr9mdcl2opxxf@test.com,password123,eyJhbGciOiJIUzI1NiIsInR5cCI6IkpXVCJ9.eyJ1c2VySWQiOiI4MzZkOGVmZS0wNzY5LTQyNjktYTE0OC02N2Q0NjE2MmNmOTQiLCJlbWFpbCI6Inh6MnBlOGYxbmdyOW1kY2wyb3B4eGZAdGVzdC5jb20iLCJyb2xlIjoiVVNFUiIsImlzQWRtaW4iOmZhbHNlLCJzaWduVXBDb21wbGV0ZWQiOnRydWUsInByb3ZpZGVyIjoiTE9DQUwiLCJpYXQiOjE3NTYwMjAwMzEsImV4cCI6MTc1NjEwNjQzMSwiYXVkIjoibWNsYXNzLWNsaWVudCIsImlzcyI6Im1jbGFzcy1zZXJ2ZXIifQ.kbZ7J9mOxfzeTb70sV40w7DOrDgZWFGNvi7a7bGxE98
r6wy6lz0utx6rj6emflg@test.com,password123,eyJhbGciOiJIUzI1NiIsInR5cCI6IkpXVCJ9.eyJ1c2VySWQiOiIyZjI4ZDBjZC1hZDZhLTRiMGQtOGE2Yy0zYmJiMTAwNGRjYTciLCJlbWFpbCI6InI2d3k2bHowdXR4NnJqNmVtZmxnQHRlc3QuY29tIiwicm9sZSI6IlVTRVIiLCJpc0FkbWluIjpmYWxzZSwic2lnblVwQ29tcGxldGVkIjp0cnVlLCJwcm92aWRlciI6IkxPQ0FMIiwiaWF0IjoxNzU2MDIwMDMxLCJleHAiOjE3NTYxMDY0MzEsImF1ZCI6Im1jbGFzcy1jbGllbnQiLCJpc3MiOiJtY2xhc3Mtc2VydmVyIn0.OinS8e8t8Gya9Uv4xoVtmzH7iWovKqkUlbsG8s9hZLc
99iuoyedcchkof2ai8h9u@test.com,password123,eyJhbGciOiJIUzI1NiIsInR5cCI6IkpXVCJ9.eyJ1c2VySWQiOiI3MzVjZDJhNi02MDc0LTQwYTUtYmZmMC02OGU3MjQ0YWQ1ZmQiLCJlbWFpbCI6Ijk5aXVveWVkY2Noa29mMmFpOGg5dUB0ZXN0LmNvbSIsInJvbGUiOiJVU0VSIiwiaXNBZG1pbiI6ZmFsc2UsInNpZ25VcENvbXBsZXRlZCI6dHJ1ZSwicHJvdmlkZXIiOiJMT0NBTCIsImlhdCI6MTc1NjAyMDAzMiwiZXhwIjoxNzU2MTA2NDMyLCJhdWQiOiJtY2xhc3MtY2xpZW50IiwiaXNzIjoibWNsYXNzLXNlcnZlciJ9.ornvIEJlrm2gqtYvpjMgXDpcIuo_kfGKsL4JsS6wBYE
yce2lpw2r0ek7aj6f12uwk@test.com,password123,eyJhbGciOiJIUzI1NiIsInR5cCI6IkpXVCJ9.eyJ1c2VySWQiOiIzMGMzMjdiOC1hNDhjLTRiMDUtYWEzZi02ZDg4OTJjYzFjMGIiLCJlbWFpbCI6InljZTJscHcycjBlazdhajZmMTJ1d2tAdGVzdC5jb20iLCJyb2xlIjoiVVNFUiIsImlzQWRtaW4iOmZhbHNlLCJzaWduVXBDb21wbGV0ZWQiOnRydWUsInByb3ZpZGVyIjoiTE9DQUwiLCJpYXQiOjE3NTYwMjAwMzMsImV4cCI6MTc1NjEwNjQzMywiYXVkIjoibWNsYXNzLWNsaWVudCIsImlzcyI6Im1jbGFzcy1zZXJ2ZXIifQ.cEO9SV3hy2hKUez7BOuQjpNxm7r1LlGXXQoDoDc57dU
kgbu7j1dougb1blitmy7hl@test.com,password123,eyJhbGciOiJIUzI1NiIsInR5cCI6IkpXVCJ9.eyJ1c2VySWQiOiJhOGU2ODYxYy0wMGQyLTQzODItOGI4ZS02MGY0MDEzYzYxOGIiLCJlbWFpbCI6ImtnYnU3ajFkb3VnYjFibGl0bXk3aGxAdGVzdC5jb20iLCJyb2xlIjoiVVNFUiIsImlzQWRtaW4iOmZhbHNlLCJzaWduVXBDb21wbGV0ZWQiOnRydWUsInByb3ZpZGVyIjoiTE9DQUwiLCJpYXQiOjE3NTYwMjAwMzQsImV4cCI6MTc1NjEwNjQzNCwiYXVkIjoibWNsYXNzLWNsaWVudCIsImlzcyI6Im1jbGFzcy1zZXJ2ZXIifQ.QqzLFQpDC_PiTBtzkxuYCVjKv1tfgNPoAKzxg5h8CwY
qfyaiaqa6e9k4809xlqjo@test.com,password123,eyJhbGciOiJIUzI1NiIsInR5cCI6IkpXVCJ9.eyJ1c2VySWQiOiJjZmRjZjNkOS1lMDhkLTQxMTMtOWRkNi0xZjViY2Y2NWVjZTciLCJlbWFpbCI6InFmeWFpYXFhNmU5azQ4MDl4bHFqb0B0ZXN0LmNvbSIsInJvbGUiOiJVU0VSIiwiaXNBZG1pbiI6ZmFsc2UsInNpZ25VcENvbXBsZXRlZCI6dHJ1ZSwicHJvdmlkZXIiOiJMT0NBTCIsImlhdCI6MTc1NjAyMDAzNSwiZXhwIjoxNzU2MTA2NDM1LCJhdWQiOiJtY2xhc3MtY2xpZW50IiwiaXNzIjoibWNsYXNzLXNlcnZlciJ9.PdrSz28csjl4Pt2BAY3sEpvRwLoU-VqupJCaI1sRGLo
vgw81zaiareplwhwm4zlt@test.com,password123,eyJhbGciOiJIUzI1NiIsInR5cCI6IkpXVCJ9.eyJ1c2VySWQiOiJhNDY3NTljMC1mODQzLTQ3NWItYjMzNy04MWI2YTZjNDcxY2YiLCJlbWFpbCI6InZndzgxemFpYXJlcGx3aHdtNHpsdEB0ZXN0LmNvbSIsInJvbGUiOiJVU0VSIiwiaXNBZG1pbiI6ZmFsc2UsInNpZ25VcENvbXBsZXRlZCI6dHJ1ZSwicHJvdmlkZXIiOiJMT0NBTCIsImlhdCI6MTc1NjAyMDAzNSwiZXhwIjoxNzU2MTA2NDM1LCJhdWQiOiJtY2xhc3MtY2xpZW50IiwiaXNzIjoibWNsYXNzLXNlcnZlciJ9.OvOeQ_uorYhwQhGMVpYiDk5qEe-6DP37zE3_qqj6OHw
twbn4jxlfvhwz65ewzyedk@test.com,password123,eyJhbGciOiJIUzI1NiIsInR5cCI6IkpXVCJ9.eyJ1c2VySWQiOiI1ZjUzNjhhOC0zMzhjLTQyOTMtYTExNC03ZGFjYzVlMzc5YTYiLCJlbWFpbCI6InR3Ym40anhsZnZod3o2NWV3enllZGtAdGVzdC5jb20iLCJyb2xlIjoiVVNFUiIsImlzQWRtaW4iOmZhbHNlLCJzaWduVXBDb21wbGV0ZWQiOnRydWUsInByb3ZpZGVyIjoiTE9DQUwiLCJpYXQiOjE3NTYwMjAwMzYsImV4cCI6MTc1NjEwNjQzNiwiYXVkIjoibWNsYXNzLWNsaWVudCIsImlzcyI6Im1jbGFzcy1zZXJ2ZXIifQ.sUFbgRRUAQskW2HFJj0eZyLkcuynYH1chuCmNgDRkUA
7ah1bjxni7bsofxfkyehti@test.com,password123,eyJhbGciOiJIUzI1NiIsInR5cCI6IkpXVCJ9.eyJ1c2VySWQiOiJlYjQ4NjgzNi1kNTY1LTRiNjktOWEzOS0zNGQ2OTkzZWNkNzgiLCJlbWFpbCI6IjdhaDFianhuaTdic29meGZreWVodGlAdGVzdC5jb20iLCJyb2xlIjoiVVNFUiIsImlzQWRtaW4iOmZhbHNlLCJzaWduVXBDb21wbGV0ZWQiOnRydWUsInByb3ZpZGVyIjoiTE9DQUwiLCJpYXQiOjE3NTYwMjAwMzcsImV4cCI6MTc1NjEwNjQzNywiYXVkIjoibWNsYXNzLWNsaWVudCIsImlzcyI6Im1jbGFzcy1zZXJ2ZXIifQ.q_QoAY-VhjTlJECU4NGMHLdJnh3AYsW3KRtSVl9p2R4
celxy368fvtoje22u5g7i@test.com,password123,eyJhbGciOiJIUzI1NiIsInR5cCI6IkpXVCJ9.eyJ1c2VySWQiOiIwNDI4YjdlMi1iNWI3LTRjN2YtYTY0OC03ZGU1NjhmMDQ2YzAiLCJlbWFpbCI6ImNlbHh5MzY4ZnZ0b2plMjJ1NWc3aUB0ZXN0LmNvbSIsInJvbGUiOiJVU0VSIiwiaXNBZG1pbiI6ZmFsc2UsInNpZ25VcENvbXBsZXRlZCI6dHJ1ZSwicHJvdmlkZXIiOiJMT0NBTCIsImlhdCI6MTc1NjAyMDAzOCwiZXhwIjoxNzU2MTA2NDM4LCJhdWQiOiJtY2xhc3MtY2xpZW50IiwiaXNzIjoibWNsYXNzLXNlcnZlciJ9.Vb8HReB1aIfq0T8VfpSufVcIcoqKq5nrxeR3UpRSBMY
6ywvajs2kki30vl1lvw3fh@test.com,password123,eyJhbGciOiJIUzI1NiIsInR5cCI6IkpXVCJ9.eyJ1c2VySWQiOiI4NDBjM2FkYS00YWVkLTQ1YWYtYTlhOS0wMDliYWZjMDY1ZmUiLCJlbWFpbCI6IjZ5d3ZhanMya2tpMzB2bDFsdnczZmhAdGVzdC5jb20iLCJyb2xlIjoiVVNFUiIsImlzQWRtaW4iOmZhbHNlLCJzaWduVXBDb21wbGV0ZWQiOnRydWUsInByb3ZpZGVyIjoiTE9DQUwiLCJpYXQiOjE3NTYwMjAwMzksImV4cCI6MTc1NjEwNjQzOSwiYXVkIjoibWNsYXNzLWNsaWVudCIsImlzcyI6Im1jbGFzcy1zZXJ2ZXIifQ.S1e98h61xEIfg2GgALJTVPBWcEvW1XoKQQnnN7Ny7so
0l8mipliwhlqivejzh57bs@test.com,password123,eyJhbGciOiJIUzI1NiIsInR5cCI6IkpXVCJ9.eyJ1c2VySWQiOiI1YzI1ZWI1Yi1kOTU0LTQyZjAtOTMxZi1iZDA4NDRjNDZhZjMiLCJlbWFpbCI6IjBsOG1pcGxpd2hscWl2ZWp6aDU3YnNAdGVzdC5jb20iLCJyb2xlIjoiVVNFUiIsImlzQWRtaW4iOmZhbHNlLCJzaWduVXBDb21wbGV0ZWQiOnRydWUsInByb3ZpZGVyIjoiTE9DQUwiLCJpYXQiOjE3NTYwMjAwMzksImV4cCI6MTc1NjEwNjQzOSwiYXVkIjoibWNsYXNzLWNsaWVudCIsImlzcyI6Im1jbGFzcy1zZXJ2ZXIifQ.ExgeRAg3DI77leeJmXPe9KnPcfwKLttnU_eH9JjMoAs
r8i277qmplg0pr7puwoa@test.com,password123,eyJhbGciOiJIUzI1NiIsInR5cCI6IkpXVCJ9.eyJ1c2VySWQiOiI3YmY3ZTlmYS05MWFiLTQ2N2QtYjgxOC0xY2FkZTk0ZTgzMGYiLCJlbWFpbCI6InI4aTI3N3FtcGxnMHByN3B1d29hQHRlc3QuY29tIiwicm9sZSI6IlVTRVIiLCJpc0FkbWluIjpmYWxzZSwic2lnblVwQ29tcGxldGVkIjp0cnVlLCJwcm92aWRlciI6IkxPQ0FMIiwiaWF0IjoxNzU2MDIwMDQwLCJleHAiOjE3NTYxMDY0NDAsImF1ZCI6Im1jbGFzcy1jbGllbnQiLCJpc3MiOiJtY2xhc3Mtc2VydmVyIn0.kD74rCvGb7Xz9jl96ZkK3qwkIQ_Krk5VAlD_8tuaKj0
dooqj5o0eu48vmwq6vhjvb@test.com,password123,eyJhbGciOiJIUzI1NiIsInR5cCI6IkpXVCJ9.eyJ1c2VySWQiOiIzNWQxYWQ1NC0zNzhiLTQ4MDYtODZlOC1jMDhmYmI4ZDRiODEiLCJlbWFpbCI6ImRvb3FqNW8wZXU0OHZtd3E2dmhqdmJAdGVzdC5jb20iLCJyb2xlIjoiVVNFUiIsImlzQWRtaW4iOmZhbHNlLCJzaWduVXBDb21wbGV0ZWQiOnRydWUsInByb3ZpZGVyIjoiTE9DQUwiLCJpYXQiOjE3NTYwMjAwNDEsImV4cCI6MTc1NjEwNjQ0MSwiYXVkIjoibWNsYXNzLWNsaWVudCIsImlzcyI6Im1jbGFzcy1zZXJ2ZXIifQ.dlu2qvAbUlHwI3HGBXZyPXY_jqHQLZM67WdBkVQHF4U
8gyvzl6gns3um8a5b642wj@test.com,password123,eyJhbGciOiJIUzI1NiIsInR5cCI6IkpXVCJ9.eyJ1c2VySWQiOiJiYzMxNzZiOC0wNmEzLTQ1ZGQtYmE0ZC0wYjY4MjlkNDU1NTEiLCJlbWFpbCI6IjhneXZ6bDZnbnMzdW04YTViNjQyd2pAdGVzdC5jb20iLCJyb2xlIjoiVVNFUiIsImlzQWRtaW4iOmZhbHNlLCJzaWduVXBDb21wbGV0ZWQiOnRydWUsInByb3ZpZGVyIjoiTE9DQUwiLCJpYXQiOjE3NTYwMjAwNDEsImV4cCI6MTc1NjEwNjQ0MSwiYXVkIjoibWNsYXNzLWNsaWVudCIsImlzcyI6Im1jbGFzcy1zZXJ2ZXIifQ.opoumB9BGKwaiq1Nvd1qYHF2yg9syKi0rrQhG_kLlYc
qkq513ta4pfndqbiwqfjdr@test.com,password123,eyJhbGciOiJIUzI1NiIsInR5cCI6IkpXVCJ9.eyJ1c2VySWQiOiJkMzc4MzFlOC0yNTkwLTRlY2UtOGNmNC0yMzk0YjEyODc1ZjEiLCJlbWFpbCI6InFrcTUxM3RhNHBmbmRxYml3cWZqZHJAdGVzdC5jb20iLCJyb2xlIjoiVVNFUiIsImlzQWRtaW4iOmZhbHNlLCJzaWduVXBDb21wbGV0ZWQiOnRydWUsInByb3ZpZGVyIjoiTE9DQUwiLCJpYXQiOjE3NTYwMjAwNDIsImV4cCI6MTc1NjEwNjQ0MiwiYXVkIjoibWNsYXNzLWNsaWVudCIsImlzcyI6Im1jbGFzcy1zZXJ2ZXIifQ.Yz4QL-AJynOv4qu5tOjONvfKBvj1kYZt37vMloHa4N0
dps0l96zmlcjhgveda0cf@test.com,password123,eyJhbGciOiJIUzI1NiIsInR5cCI6IkpXVCJ9.eyJ1c2VySWQiOiI3ZGE0MTdhNS04NjRlLTRiYjQtOTVmNS1mZDZjNGMxNjEzMmEiLCJlbWFpbCI6ImRwczBsOTZ6bWxjamhndmVkYTBjZkB0ZXN0LmNvbSIsInJvbGUiOiJVU0VSIiwiaXNBZG1pbiI6ZmFsc2UsInNpZ25VcENvbXBsZXRlZCI6dHJ1ZSwicHJvdmlkZXIiOiJMT0NBTCIsImlhdCI6MTc1NjAyMDA0MywiZXhwIjoxNzU2MTA2NDQzLCJhdWQiOiJtY2xhc3MtY2xpZW50IiwiaXNzIjoibWNsYXNzLXNlcnZlciJ9.k-nHOJ8alLV6k1rSnxdkfYJVxUQ_TkD0vv3HsC3sQhk
hrvxzxvaqgfri67rjdlzt@test.com,password123,eyJhbGciOiJIUzI1NiIsInR5cCI6IkpXVCJ9.eyJ1c2VySWQiOiJlM2ZjOTJlZC00YjhhLTQxOTYtYWZkZi0xODdkZjEyYzQ1Y2IiLCJlbWFpbCI6Imhydnh6eHZhcWdmcmk2N3JqZGx6dEB0ZXN0LmNvbSIsInJvbGUiOiJVU0VSIiwiaXNBZG1pbiI6ZmFsc2UsInNpZ25VcENvbXBsZXRlZCI6dHJ1ZSwicHJvdmlkZXIiOiJMT0NBTCIsImlhdCI6MTc1NjAyMDA0NCwiZXhwIjoxNzU2MTA2NDQ0LCJhdWQiOiJtY2xhc3MtY2xpZW50IiwiaXNzIjoibWNsYXNzLXNlcnZlciJ9.mhRcg1pi5PjLptAWDEH6CfdX6ofy_xBDvAi4bLykzaE
px4cqf3cucg2b0ej0abz5@test.com,password123,eyJhbGciOiJIUzI1NiIsInR5cCI6IkpXVCJ9.eyJ1c2VySWQiOiIzYjc5OGZjMC0wOThlLTQ1NDgtYjc5Ny00ZmViMzZkZmYwMmQiLCJlbWFpbCI6InB4NGNxZjNjdWNnMmIwZWowYWJ6NUB0ZXN0LmNvbSIsInJvbGUiOiJVU0VSIiwiaXNBZG1pbiI6ZmFsc2UsInNpZ25VcENvbXBsZXRlZCI6dHJ1ZSwicHJvdmlkZXIiOiJMT0NBTCIsImlhdCI6MTc1NjAyMDA0NSwiZXhwIjoxNzU2MTA2NDQ1LCJhdWQiOiJtY2xhc3MtY2xpZW50IiwiaXNzIjoibWNsYXNzLXNlcnZlciJ9.6RA1bxBxTKgzIh9SqH2cK-9PSObOGNkVza12R1fMwGg
wke1ounfjelu1roqvsaize@test.com,password123,eyJhbGciOiJIUzI1NiIsInR5cCI6IkpXVCJ9.eyJ1c2VySWQiOiIzMzEyNThmOC02NDAzLTQwMzctOTc3OS02MzBhMTdkYjAzMzQiLCJlbWFpbCI6IndrZTFvdW5mamVsdTFyb3F2c2FpemVAdGVzdC5jb20iLCJyb2xlIjoiVVNFUiIsImlzQWRtaW4iOmZhbHNlLCJzaWduVXBDb21wbGV0ZWQiOnRydWUsInByb3ZpZGVyIjoiTE9DQUwiLCJpYXQiOjE3NTYwMjAwNDUsImV4cCI6MTc1NjEwNjQ0NSwiYXVkIjoibWNsYXNzLWNsaWVudCIsImlzcyI6Im1jbGFzcy1zZXJ2ZXIifQ.WBxFVxgl-kKVMjoY3JpW03Oc-GXtkE1hULH2CRJ_cio
8fkdhwisufgtddejz5c4n@test.com,password123,eyJhbGciOiJIUzI1NiIsInR5cCI6IkpXVCJ9.eyJ1c2VySWQiOiIwY2YwNTAzMy04NTkxLTQwYTUtOGU1MC0xZDUxNmIzOTQzZTUiLCJlbWFpbCI6Ijhma2Rod2lzdWZndGRkZWp6NWM0bkB0ZXN0LmNvbSIsInJvbGUiOiJVU0VSIiwiaXNBZG1pbiI6ZmFsc2UsInNpZ25VcENvbXBsZXRlZCI6dHJ1ZSwicHJvdmlkZXIiOiJMT0NBTCIsImlhdCI6MTc1NjAyMDA0NiwiZXhwIjoxNzU2MTA2NDQ2LCJhdWQiOiJtY2xhc3MtY2xpZW50IiwiaXNzIjoibWNsYXNzLXNlcnZlciJ9.Vj_vprqdqptjivpVtC3-DfO9E0lqROuCoUYgbMa5AoQ
mp16shdakbjepfoqkwvre@test.com,password123,eyJhbGciOiJIUzI1NiIsInR5cCI6IkpXVCJ9.eyJ1c2VySWQiOiIxZTNhMTcwYS1kYzNiLTRmYjctODZjMy01MTY1N2U2MTkzN2QiLCJlbWFpbCI6Im1wMTZzaGRha2JqZXBmb3Frd3ZyZUB0ZXN0LmNvbSIsInJvbGUiOiJVU0VSIiwiaXNBZG1pbiI6ZmFsc2UsInNpZ25VcENvbXBsZXRlZCI6dHJ1ZSwicHJvdmlkZXIiOiJMT0NBTCIsImlhdCI6MTc1NjAyMDA0NywiZXhwIjoxNzU2MTA2NDQ3LCJhdWQiOiJtY2xhc3MtY2xpZW50IiwiaXNzIjoibWNsYXNzLXNlcnZlciJ9.gg0MbWlR1fhX2iBynlsRPBdyFuvInU_IHXvBoJG-TNU
h35r9aflnu64nu3ictoixq@test.com,password123,eyJhbGciOiJIUzI1NiIsInR5cCI6IkpXVCJ9.eyJ1c2VySWQiOiIxNTVkZDRiZC00NTk0LTQwN2ItOTE2Yi05YTdlMDkxYjk4MjkiLCJlbWFpbCI6ImgzNXI5YWZsbnU2NG51M2ljdG9peHFAdGVzdC5jb20iLCJyb2xlIjoiVVNFUiIsImlzQWRtaW4iOmZhbHNlLCJzaWduVXBDb21wbGV0ZWQiOnRydWUsInByb3ZpZGVyIjoiTE9DQUwiLCJpYXQiOjE3NTYwMjAwNDcsImV4cCI6MTc1NjEwNjQ0NywiYXVkIjoibWNsYXNzLWNsaWVudCIsImlzcyI6Im1jbGFzcy1zZXJ2ZXIifQ.VCDduJUBeagW5iU3H574ofMVtF14f_VNPsTZi4tS0ck
mwg4a1w9slcyb0ka5dnb3a@test.com,password123,eyJhbGciOiJIUzI1NiIsInR5cCI6IkpXVCJ9.eyJ1c2VySWQiOiJlYzlkNTcxNS1kMDYxLTQyZWItYWU0OC1hMjEwYzhlOTRmMjUiLCJlbWFpbCI6Im13ZzRhMXc5c2xjeWIwa2E1ZG5iM2FAdGVzdC5jb20iLCJyb2xlIjoiVVNFUiIsImlzQWRtaW4iOmZhbHNlLCJzaWduVXBDb21wbGV0ZWQiOnRydWUsInByb3ZpZGVyIjoiTE9DQUwiLCJpYXQiOjE3NTYwMjAwNDgsImV4cCI6MTc1NjEwNjQ0OCwiYXVkIjoibWNsYXNzLWNsaWVudCIsImlzcyI6Im1jbGFzcy1zZXJ2ZXIifQ.hThGrTpT6f0NwGsUJwoET5RSTkKYcKrJidf7_f-7myA
8v753x2gnapcdu53lg5j76@test.com,password123,eyJhbGciOiJIUzI1NiIsInR5cCI6IkpXVCJ9.eyJ1c2VySWQiOiJhZTFhM2IzOC02NzVkLTQ2MDEtOGM3Yy05MjQ3YWY1ZTRjOTAiLCJlbWFpbCI6Ijh2NzUzeDJnbmFwY2R1NTNsZzVqNzZAdGVzdC5jb20iLCJyb2xlIjoiVVNFUiIsImlzQWRtaW4iOmZhbHNlLCJzaWduVXBDb21wbGV0ZWQiOnRydWUsInByb3ZpZGVyIjoiTE9DQUwiLCJpYXQiOjE3NTYwMjAwNDksImV4cCI6MTc1NjEwNjQ0OSwiYXVkIjoibWNsYXNzLWNsaWVudCIsImlzcyI6Im1jbGFzcy1zZXJ2ZXIifQ._frS2svkUHNazNDwptspLUc2yvzW5vAYA5_MKMIbB_M
xiipwxwm6xzo6k5o43at@test.com,password123,eyJhbGciOiJIUzI1NiIsInR5cCI6IkpXVCJ9.eyJ1c2VySWQiOiI0MDNiMmYzOS00ZjQ5LTQwZDgtOGFmZS05ZGFhYTFmNGRjZDMiLCJlbWFpbCI6InhpaXB3eHdtNnh6bzZrNW80M2F0QHRlc3QuY29tIiwicm9sZSI6IlVTRVIiLCJpc0FkbWluIjpmYWxzZSwic2lnblVwQ29tcGxldGVkIjp0cnVlLCJwcm92aWRlciI6IkxPQ0FMIiwiaWF0IjoxNzU2MDIwMDUwLCJleHAiOjE3NTYxMDY0NTAsImF1ZCI6Im1jbGFzcy1jbGllbnQiLCJpc3MiOiJtY2xhc3Mtc2VydmVyIn0.GXulmgHartO5HVxnzKjcIWnhwTG2rmasoo8lSRPd-wE
bkekp2pgaqdlpsu1azcaxs@test.com,password123,eyJhbGciOiJIUzI1NiIsInR5cCI6IkpXVCJ9.eyJ1c2VySWQiOiJhNWFlYmJlMS02NWZlLTRhYjctYWQzMy01MzVkOGVlNzI2ODkiLCJlbWFpbCI6ImJrZWtwMnBnYXFkbHBzdTFhemNheHNAdGVzdC5jb20iLCJyb2xlIjoiVVNFUiIsImlzQWRtaW4iOmZhbHNlLCJzaWduVXBDb21wbGV0ZWQiOnRydWUsInByb3ZpZGVyIjoiTE9DQUwiLCJpYXQiOjE3NTYwMjAwNTEsImV4cCI6MTc1NjEwNjQ1MSwiYXVkIjoibWNsYXNzLWNsaWVudCIsImlzcyI6Im1jbGFzcy1zZXJ2ZXIifQ.J7D1ZchSX-HAQxZPrAy1nTbVjGSjYgdkb73KZ1zK1k8
j630ssh2vgj57eeoyptp5r@test.com,password123,eyJhbGciOiJIUzI1NiIsInR5cCI6IkpXVCJ9.eyJ1c2VySWQiOiIxMDBmMTZiMy0wZGNjLTQxYjQtODBlNC1jMmQyNDYzNDI1MzEiLCJlbWFpbCI6Imo2MzBzc2gydmdqNTdlZW95cHRwNXJAdGVzdC5jb20iLCJyb2xlIjoiVVNFUiIsImlzQWRtaW4iOmZhbHNlLCJzaWduVXBDb21wbGV0ZWQiOnRydWUsInByb3ZpZGVyIjoiTE9DQUwiLCJpYXQiOjE3NTYwMjAwNTIsImV4cCI6MTc1NjEwNjQ1MiwiYXVkIjoibWNsYXNzLWNsaWVudCIsImlzcyI6Im1jbGFzcy1zZXJ2ZXIifQ.ztMCvhRKn06Pk1YqTKdf0tbNqvnr3kq2La2EjSF22W4
3rj2cilu0plabmiouxsie@test.com,password123,eyJhbGciOiJIUzI1NiIsInR5cCI6IkpXVCJ9.eyJ1c2VySWQiOiJmYzViYTRmNS0xMmU0LTQyOGEtYTQ3NC1jYmY3ZWIzMDg1NzkiLCJlbWFpbCI6IjNyajJjaWx1MHBsYWJtaW91eHNpZUB0ZXN0LmNvbSIsInJvbGUiOiJVU0VSIiwiaXNBZG1pbiI6ZmFsc2UsInNpZ25VcENvbXBsZXRlZCI6dHJ1ZSwicHJvdmlkZXIiOiJMT0NBTCIsImlhdCI6MTc1NjAyMDA1MywiZXhwIjoxNzU2MTA2NDUzLCJhdWQiOiJtY2xhc3MtY2xpZW50IiwiaXNzIjoibWNsYXNzLXNlcnZlciJ9.E2EABALTXAK64pIapAXEotDhFs6-Usd6XoFMtREqfD4
qq5dlmxdfabpdn3wcn7lch@test.com,password123,eyJhbGciOiJIUzI1NiIsInR5cCI6IkpXVCJ9.eyJ1c2VySWQiOiI4NDE2YTAwYy1lODVmLTRiMmItYTZlYS1hZWFlMmUzMDMwOWEiLCJlbWFpbCI6InFxNWRsbXhkZmFicGRuM3djbjdsY2hAdGVzdC5jb20iLCJyb2xlIjoiVVNFUiIsImlzQWRtaW4iOmZhbHNlLCJzaWduVXBDb21wbGV0ZWQiOnRydWUsInByb3ZpZGVyIjoiTE9DQUwiLCJpYXQiOjE3NTYwMjAwNTQsImV4cCI6MTc1NjEwNjQ1NCwiYXVkIjoibWNsYXNzLWNsaWVudCIsImlzcyI6Im1jbGFzcy1zZXJ2ZXIifQ.wzDKZ8Bieg2IHVHihUxi9_6-Gs8691aEyPXlGqoJOls
25n2tcvljo4hf6au8rx3np7@test.com,password123,eyJhbGciOiJIUzI1NiIsInR5cCI6IkpXVCJ9.eyJ1c2VySWQiOiJjZTIyY2I4NC0yNDA0LTQxZDMtOThlYy04ZjI0NGNmZWY1ZTAiLCJlbWFpbCI6IjI1bjJ0Y3Zsam80aGY2YXU4cngzbnA3QHRlc3QuY29tIiwicm9sZSI6IlVTRVIiLCJpc0FkbWluIjpmYWxzZSwic2lnblVwQ29tcGxldGVkIjp0cnVlLCJwcm92aWRlciI6IkxPQ0FMIiwiaWF0IjoxNzU2MDIwMDU0LCJleHAiOjE3NTYxMDY0NTQsImF1ZCI6Im1jbGFzcy1jbGllbnQiLCJpc3MiOiJtY2xhc3Mtc2VydmVyIn0.enGFn_NThYrhSNC2Jum5p8OeLT5mBbbpS35Uc9uPH2w
f5mba6u3abko72vrkxjfph@test.com,password123,eyJhbGciOiJIUzI1NiIsInR5cCI6IkpXVCJ9.eyJ1c2VySWQiOiIxMzRmYjc5MC05MjUxLTQ3MmYtODYzMy0yMmExZjkwMGM0NDYiLCJlbWFpbCI6ImY1bWJhNnUzYWJrbzcydnJreGpmcGhAdGVzdC5jb20iLCJyb2xlIjoiVVNFUiIsImlzQWRtaW4iOmZhbHNlLCJzaWduVXBDb21wbGV0ZWQiOnRydWUsInByb3ZpZGVyIjoiTE9DQUwiLCJpYXQiOjE3NTYwMjAwNTUsImV4cCI6MTc1NjEwNjQ1NSwiYXVkIjoibWNsYXNzLWNsaWVudCIsImlzcyI6Im1jbGFzcy1zZXJ2ZXIifQ.R5-k8Pff1--vlLXqz9cIhwuOeppXKNhipjOtlB7U5ek
4xzm56na8wr9yxjwtzy99t@test.com,password123,eyJhbGciOiJIUzI1NiIsInR5cCI6IkpXVCJ9.eyJ1c2VySWQiOiI0YjczYzFiNC03MWUyLTRmNjUtYjY5Yi0xNjk5ZmJmYmJkMzciLCJlbWFpbCI6IjR4em01Nm5hOHdyOXl4and0enk5OXRAdGVzdC5jb20iLCJyb2xlIjoiVVNFUiIsImlzQWRtaW4iOmZhbHNlLCJzaWduVXBDb21wbGV0ZWQiOnRydWUsInByb3ZpZGVyIjoiTE9DQUwiLCJpYXQiOjE3NTYwMjAwNTYsImV4cCI6MTc1NjEwNjQ1NiwiYXVkIjoibWNsYXNzLWNsaWVudCIsImlzcyI6Im1jbGFzcy1zZXJ2ZXIifQ.HzojX46AcsSiK8w1hDaVOIpfzV_veRbJFCg1MwiCqcc
g0x4qhdml7kb41fs1lucs@test.com,password123,eyJhbGciOiJIUzI1NiIsInR5cCI6IkpXVCJ9.eyJ1c2VySWQiOiJiMmUyZDgyNC00NGIyLTRlYzQtYTNhOS1lOTg1NmQ3YTA3MjMiLCJlbWFpbCI6ImcweDRxaGRtbDdrYjQxZnMxbHVjc0B0ZXN0LmNvbSIsInJvbGUiOiJVU0VSIiwiaXNBZG1pbiI6ZmFsc2UsInNpZ25VcENvbXBsZXRlZCI6dHJ1ZSwicHJvdmlkZXIiOiJMT0NBTCIsImlhdCI6MTc1NjAyMDA1NiwiZXhwIjoxNzU2MTA2NDU2LCJhdWQiOiJtY2xhc3MtY2xpZW50IiwiaXNzIjoibWNsYXNzLXNlcnZlciJ9.vs2_w1mjPACbZ7xMM0Q1CrXibw1dSUhUQ-5g_Mey2gY
u79zdj4a0uqms1z1eg6kgm@test.com,password123,eyJhbGciOiJIUzI1NiIsInR5cCI6IkpXVCJ9.eyJ1c2VySWQiOiJkODI2NzAzNi1hNGJkLTRjYzEtYjkxYi1iOGMwYzFjYzY3NzgiLCJlbWFpbCI6InU3OXpkajRhMHVxbXMxejFlZzZrZ21AdGVzdC5jb20iLCJyb2xlIjoiVVNFUiIsImlzQWRtaW4iOmZhbHNlLCJzaWduVXBDb21wbGV0ZWQiOnRydWUsInByb3ZpZGVyIjoiTE9DQUwiLCJpYXQiOjE3NTYwMjAwNTcsImV4cCI6MTc1NjEwNjQ1NywiYXVkIjoibWNsYXNzLWNsaWVudCIsImlzcyI6Im1jbGFzcy1zZXJ2ZXIifQ.PJNfxT18zQjp2T4Qj30sbZi1M1gw9kYbmIvU7CiU0ls
gdpsok5fg57a10g7ep9dro@test.com,password123,eyJhbGciOiJIUzI1NiIsInR5cCI6IkpXVCJ9.eyJ1c2VySWQiOiJiNDc4Y2JhOC03MzBlLTQxNTItODI1NC0xYTI5ODk4OTY0MDMiLCJlbWFpbCI6ImdkcHNvazVmZzU3YTEwZzdlcDlkcm9AdGVzdC5jb20iLCJyb2xlIjoiVVNFUiIsImlzQWRtaW4iOmZhbHNlLCJzaWduVXBDb21wbGV0ZWQiOnRydWUsInByb3ZpZGVyIjoiTE9DQUwiLCJpYXQiOjE3NTYwMjAwNTgsImV4cCI6MTc1NjEwNjQ1OCwiYXVkIjoibWNsYXNzLWNsaWVudCIsImlzcyI6Im1jbGFzcy1zZXJ2ZXIifQ.BZh0iFTtJ6kik-2aEaeAkksTsBXBxaQaLqR6fHpVJQE
j56l9vsqt2cf4dgvmwp56@test.com,password123,eyJhbGciOiJIUzI1NiIsInR5cCI6IkpXVCJ9.eyJ1c2VySWQiOiIyMTczN2U1Ni02N2U4LTQyZTEtOGMxOC0yNGU2MGRmM2I4ZmUiLCJlbWFpbCI6Imo1Nmw5dnNxdDJjZjRkZ3Ztd3A1NkB0ZXN0LmNvbSIsInJvbGUiOiJVU0VSIiwiaXNBZG1pbiI6ZmFsc2UsInNpZ25VcENvbXBsZXRlZCI6dHJ1ZSwicHJvdmlkZXIiOiJMT0NBTCIsImlhdCI6MTc1NjAyMDA1OSwiZXhwIjoxNzU2MTA2NDU5LCJhdWQiOiJtY2xhc3MtY2xpZW50IiwiaXNzIjoibWNsYXNzLXNlcnZlciJ9.WqKuIfsFooWRPrGLK_rvhp6AYiaKdwL0tCDePvAXI04
2s5ha3ya80yhxew9zw1ufl@test.com,password123,eyJhbGciOiJIUzI1NiIsInR5cCI6IkpXVCJ9.eyJ1c2VySWQiOiIwZGM4NmYwMi1iNjZiLTRiNDYtYmViNC05ZDY4OGExZDY4NjciLCJlbWFpbCI6IjJzNWhhM3lhODB5aHhldzl6dzF1ZmxAdGVzdC5jb20iLCJyb2xlIjoiVVNFUiIsImlzQWRtaW4iOmZhbHNlLCJzaWduVXBDb21wbGV0ZWQiOnRydWUsInByb3ZpZGVyIjoiTE9DQUwiLCJpYXQiOjE3NTYwMjAwNTksImV4cCI6MTc1NjEwNjQ1OSwiYXVkIjoibWNsYXNzLWNsaWVudCIsImlzcyI6Im1jbGFzcy1zZXJ2ZXIifQ.8nLaTqRlALxwDv6xEB3BvxM5_XSpgMJM_1qlYVnDbhw
e0pj0cp9qbqw4hbfdr538r@test.com,password123,eyJhbGciOiJIUzI1NiIsInR5cCI6IkpXVCJ9.eyJ1c2VySWQiOiJkMzU5OTI1Mi00NTBjLTQ4NjEtODA3MS02MTU0NmFjNThlYWMiLCJlbWFpbCI6ImUwcGowY3A5cWJxdzRoYmZkcjUzOHJAdGVzdC5jb20iLCJyb2xlIjoiVVNFUiIsImlzQWRtaW4iOmZhbHNlLCJzaWduVXBDb21wbGV0ZWQiOnRydWUsInByb3ZpZGVyIjoiTE9DQUwiLCJpYXQiOjE3NTYwMjAwNjAsImV4cCI6MTc1NjEwNjQ2MCwiYXVkIjoibWNsYXNzLWNsaWVudCIsImlzcyI6Im1jbGFzcy1zZXJ2ZXIifQ.ahzBaJuac5P-nFez6Fg9ELRq1zfKJG-t4BfU57obR50
8zmfb9yd80tuvmbklkdifi@test.com,password123,eyJhbGciOiJIUzI1NiIsInR5cCI6IkpXVCJ9.eyJ1c2VySWQiOiIwNzk5YjM1Yi02YWE3LTRlMTktODI5Yy03OTk5NDY5YmFmOWIiLCJlbWFpbCI6Ijh6bWZiOXlkODB0dXZtYmtsa2RpZmlAdGVzdC5jb20iLCJyb2xlIjoiVVNFUiIsImlzQWRtaW4iOmZhbHNlLCJzaWduVXBDb21wbGV0ZWQiOnRydWUsInByb3ZpZGVyIjoiTE9DQUwiLCJpYXQiOjE3NTYwMjAwNjEsImV4cCI6MTc1NjEwNjQ2MSwiYXVkIjoibWNsYXNzLWNsaWVudCIsImlzcyI6Im1jbGFzcy1zZXJ2ZXIifQ.YfGTjSY08LJve5_VWAvhl4nExaQ9tmYBjsJpt5jSNa0
asadrx830suo8rlu6kaf77@test.com,password123,eyJhbGciOiJIUzI1NiIsInR5cCI6IkpXVCJ9.eyJ1c2VySWQiOiJjODYyZjM0OC1lNWMzLTQ4NDYtOGU0ZS1lNzM1NmNjMjQ2YWIiLCJlbWFpbCI6ImFzYWRyeDgzMHN1bzhybHU2a2FmNzdAdGVzdC5jb20iLCJyb2xlIjoiVVNFUiIsImlzQWRtaW4iOmZhbHNlLCJzaWduVXBDb21wbGV0ZWQiOnRydWUsInByb3ZpZGVyIjoiTE9DQUwiLCJpYXQiOjE3NTYwMjAwNjIsImV4cCI6MTc1NjEwNjQ2MiwiYXVkIjoibWNsYXNzLWNsaWVudCIsImlzcyI6Im1jbGFzcy1zZXJ2ZXIifQ.D_DF3E7Q6g3Rr0_KKnxa4MiLMrV3WCdt9_AbxrjmJJk
xexxecbkahew5dwg86dyw@test.com,password123,eyJhbGciOiJIUzI1NiIsInR5cCI6IkpXVCJ9.eyJ1c2VySWQiOiJkNmFmZGM4Zi03YjdhLTRlMDEtOWIxMi1mNTZlNmI1YWZjZjYiLCJlbWFpbCI6InhleHhlY2JrYWhldzVkd2c4NmR5d0B0ZXN0LmNvbSIsInJvbGUiOiJVU0VSIiwiaXNBZG1pbiI6ZmFsc2UsInNpZ25VcENvbXBsZXRlZCI6dHJ1ZSwicHJvdmlkZXIiOiJMT0NBTCIsImlhdCI6MTc1NjAyMDA2MywiZXhwIjoxNzU2MTA2NDYzLCJhdWQiOiJtY2xhc3MtY2xpZW50IiwiaXNzIjoibWNsYXNzLXNlcnZlciJ9.xV1ptDW75TSIBjjvgtiioQkgtFGcMwx-6-opv6PST_g
lcjhvefejcb1q90c1qg0wd@test.com,password123,eyJhbGciOiJIUzI1NiIsInR5cCI6IkpXVCJ9.eyJ1c2VySWQiOiI1NzU4NDQ2OC1lNWFlLTQyZDktODk0YS1mMTlmZDYzNjg1NTAiLCJlbWFpbCI6Imxjamh2ZWZlamNiMXE5MGMxcWcwd2RAdGVzdC5jb20iLCJyb2xlIjoiVVNFUiIsImlzQWRtaW4iOmZhbHNlLCJzaWduVXBDb21wbGV0ZWQiOnRydWUsInByb3ZpZGVyIjoiTE9DQUwiLCJpYXQiOjE3NTYwMjAwNjQsImV4cCI6MTc1NjEwNjQ2NCwiYXVkIjoibWNsYXNzLWNsaWVudCIsImlzcyI6Im1jbGFzcy1zZXJ2ZXIifQ.tMvq80sNV7YMiKDibF-M8T4N9hM2c6-xIlEsAlWJsxk
b48yhtze1uo714k7od5ns@test.com,password123,eyJhbGciOiJIUzI1NiIsInR5cCI6IkpXVCJ9.eyJ1c2VySWQiOiI2NWJlZDEzZS05NzMzLTQ2NWEtYTkyMi1jOWJiMzI3OWY2YTIiLCJlbWFpbCI6ImI0OHlodHplMXVvNzE0azdvZDVuc0B0ZXN0LmNvbSIsInJvbGUiOiJVU0VSIiwiaXNBZG1pbiI6ZmFsc2UsInNpZ25VcENvbXBsZXRlZCI6dHJ1ZSwicHJvdmlkZXIiOiJMT0NBTCIsImlhdCI6MTc1NjAyMDA2NSwiZXhwIjoxNzU2MTA2NDY1LCJhdWQiOiJtY2xhc3MtY2xpZW50IiwiaXNzIjoibWNsYXNzLXNlcnZlciJ9.v0FSU2XhQV6ZCTfccO2uXRBq6pJ46Tse_LRVS8vZqiQ
z2v77oi46yl3fz2fjjbrqg@test.com,password123,eyJhbGciOiJIUzI1NiIsInR5cCI6IkpXVCJ9.eyJ1c2VySWQiOiI5ZDFjOTZkZi0yZDBmLTQ3MDYtYjhlMy1hOTYyZWNmNDM1NTgiLCJlbWFpbCI6Inoydjc3b2k0NnlsM2Z6MmZqamJycWdAdGVzdC5jb20iLCJyb2xlIjoiVVNFUiIsImlzQWRtaW4iOmZhbHNlLCJzaWduVXBDb21wbGV0ZWQiOnRydWUsInByb3ZpZGVyIjoiTE9DQUwiLCJpYXQiOjE3NTYwMjAwNjYsImV4cCI6MTc1NjEwNjQ2NiwiYXVkIjoibWNsYXNzLWNsaWVudCIsImlzcyI6Im1jbGFzcy1zZXJ2ZXIifQ.OXAs8xyHRr4mDxxlUNqVErWfZ30P13ZC11fLcu2rhRw
cfhfi8wb12dyoeo2uphzn@test.com,password123,eyJhbGciOiJIUzI1NiIsInR5cCI6IkpXVCJ9.eyJ1c2VySWQiOiI4Y2QwM2NlNi0wMzYxLTQxMGUtOTNhMC04NWM1ODU4OGMxOWUiLCJlbWFpbCI6ImNmaGZpOHdiMTJkeW9lbzJ1cGh6bkB0ZXN0LmNvbSIsInJvbGUiOiJVU0VSIiwiaXNBZG1pbiI6ZmFsc2UsInNpZ25VcENvbXBsZXRlZCI6dHJ1ZSwicHJvdmlkZXIiOiJMT0NBTCIsImlhdCI6MTc1NjAyMDA2NiwiZXhwIjoxNzU2MTA2NDY2LCJhdWQiOiJtY2xhc3MtY2xpZW50IiwiaXNzIjoibWNsYXNzLXNlcnZlciJ9.050QB-iwlUHKs80OyE12K4FVBSsNFVfxCwVaUrXZ7RY
fji59tmfb4kfvro0fozxk@test.com,password123,eyJhbGciOiJIUzI1NiIsInR5cCI6IkpXVCJ9.eyJ1c2VySWQiOiIwMjljOWVkNy1hMzNjLTQ2N2MtOGRmMy01ZmE5MDljMjI2MjgiLCJlbWFpbCI6ImZqaTU5dG1mYjRrZnZybzBmb3p4a0B0ZXN0LmNvbSIsInJvbGUiOiJVU0VSIiwiaXNBZG1pbiI6ZmFsc2UsInNpZ25VcENvbXBsZXRlZCI6dHJ1ZSwicHJvdmlkZXIiOiJMT0NBTCIsImlhdCI6MTc1NjAyMDA2NywiZXhwIjoxNzU2MTA2NDY3LCJhdWQiOiJtY2xhc3MtY2xpZW50IiwiaXNzIjoibWNsYXNzLXNlcnZlciJ9.rj7zleKEeo-s9WIpT4WZHnLRKKLGll_fn3Su63ncjJM
p288axd18b4mm2hl7lff@test.com,password123,eyJhbGciOiJIUzI1NiIsInR5cCI6IkpXVCJ9.eyJ1c2VySWQiOiJmYTc1NjEwNS1mNGZkLTQzYmYtODgxMy05OTJjNDM4NjU5YWYiLCJlbWFpbCI6InAyODhheGQxOGI0bW0yaGw3bGZmQHRlc3QuY29tIiwicm9sZSI6IlVTRVIiLCJpc0FkbWluIjpmYWxzZSwic2lnblVwQ29tcGxldGVkIjp0cnVlLCJwcm92aWRlciI6IkxPQ0FMIiwiaWF0IjoxNzU2MDIwMDY4LCJleHAiOjE3NTYxMDY0NjgsImF1ZCI6Im1jbGFzcy1jbGllbnQiLCJpc3MiOiJtY2xhc3Mtc2VydmVyIn0.m2JT68hgDOMc83qhtooTu2VVKHEXb35TuNVRbgRViwU
zsoohkspsvrgjkj4uh02mq@test.com,password123,eyJhbGciOiJIUzI1NiIsInR5cCI6IkpXVCJ9.eyJ1c2VySWQiOiI5ZDVmNWI3Ny01MDY3LTQ0M2QtOGU3YS02Y2RjN2YyMDhlYmIiLCJlbWFpbCI6Inpzb29oa3Nwc3ZyZ2prajR1aDAybXFAdGVzdC5jb20iLCJyb2xlIjoiVVNFUiIsImlzQWRtaW4iOmZhbHNlLCJzaWduVXBDb21wbGV0ZWQiOnRydWUsInByb3ZpZGVyIjoiTE9DQUwiLCJpYXQiOjE3NTYwMjAwNjksImV4cCI6MTc1NjEwNjQ2OSwiYXVkIjoibWNsYXNzLWNsaWVudCIsImlzcyI6Im1jbGFzcy1zZXJ2ZXIifQ.8BvOvJ7aXBkrN5_7vjXvXCtAHAWGa8SOMy_p5nk1CoE
e56noho6qpcbtc3m7iopb@test.com,password123,eyJhbGciOiJIUzI1NiIsInR5cCI6IkpXVCJ9.eyJ1c2VySWQiOiI5NzhhYmU1Ny00YWY3LTQwOWItYjUxMS1lMzhiNmU3ZWMwNTAiLCJlbWFpbCI6ImU1Nm5vaG82cXBjYnRjM203aW9wYkB0ZXN0LmNvbSIsInJvbGUiOiJVU0VSIiwiaXNBZG1pbiI6ZmFsc2UsInNpZ25VcENvbXBsZXRlZCI6dHJ1ZSwicHJvdmlkZXIiOiJMT0NBTCIsImlhdCI6MTc1NjAyMDA2OSwiZXhwIjoxNzU2MTA2NDY5LCJhdWQiOiJtY2xhc3MtY2xpZW50IiwiaXNzIjoibWNsYXNzLXNlcnZlciJ9.IRRtKvQTThf8K18F4dfNzFHDfnSnWlacbVbHRgP6PQ0
xrx7mu6c3zcyd14rjghz5c@test.com,password123,eyJhbGciOiJIUzI1NiIsInR5cCI6IkpXVCJ9.eyJ1c2VySWQiOiI4ZWE5NDFlNy05OWQzLTQ0MTQtYjZhOS03NjMwNjBlYmY2ZmEiLCJlbWFpbCI6InhyeDdtdTZjM3pjeWQxNHJqZ2h6NWNAdGVzdC5jb20iLCJyb2xlIjoiVVNFUiIsImlzQWRtaW4iOmZhbHNlLCJzaWduVXBDb21wbGV0ZWQiOnRydWUsInByb3ZpZGVyIjoiTE9DQUwiLCJpYXQiOjE3NTYwMjAwNzAsImV4cCI6MTc1NjEwNjQ3MCwiYXVkIjoibWNsYXNzLWNsaWVudCIsImlzcyI6Im1jbGFzcy1zZXJ2ZXIifQ.bAWBwtCU0Ajab1fuoN3Zy3CeXFqtkMBwh7ZJQ4YjwwQ
xqufs611aafoopubsnkkd@test.com,password123,eyJhbGciOiJIUzI1NiIsInR5cCI6IkpXVCJ9.eyJ1c2VySWQiOiIyNmU5NDk1Yi1hMDE5LTQ5OGQtOGE5ZC1jNzdlZDE4YzY2ZjMiLCJlbWFpbCI6InhxdWZzNjExYWFmb29wdWJzbmtrZEB0ZXN0LmNvbSIsInJvbGUiOiJVU0VSIiwiaXNBZG1pbiI6ZmFsc2UsInNpZ25VcENvbXBsZXRlZCI6dHJ1ZSwicHJvdmlkZXIiOiJMT0NBTCIsImlhdCI6MTc1NjAyMDA3MSwiZXhwIjoxNzU2MTA2NDcxLCJhdWQiOiJtY2xhc3MtY2xpZW50IiwiaXNzIjoibWNsYXNzLXNlcnZlciJ9.qlvkQtS2e2VqzuAaIQ2FBxoIZNEnfRHq0-H1HVEg4WU
wbythze23we1jziymn3ti@test.com,password123,eyJhbGciOiJIUzI1NiIsInR5cCI6IkpXVCJ9.eyJ1c2VySWQiOiI5MDY5YmI5Ni0yNDU1LTQwNDAtYjIyZi02YjBmYmEzMmY5NTciLCJlbWFpbCI6IndieXRoemUyM3dlMWp6aXltbjN0aUB0ZXN0LmNvbSIsInJvbGUiOiJVU0VSIiwiaXNBZG1pbiI6ZmFsc2UsInNpZ25VcENvbXBsZXRlZCI6dHJ1ZSwicHJvdmlkZXIiOiJMT0NBTCIsImlhdCI6MTc1NjAyMDA3MSwiZXhwIjoxNzU2MTA2NDcxLCJhdWQiOiJtY2xhc3MtY2xpZW50IiwiaXNzIjoibWNsYXNzLXNlcnZlciJ9.wnpT-OdzxZAWmk9_FEF0ikXhiduC_hyESRINovwrtFc
c6fiy5sgwszvxpct61drs@test.com,password123,eyJhbGciOiJIUzI1NiIsInR5cCI6IkpXVCJ9.eyJ1c2VySWQiOiIwNjFmNWMyOC0wOGYwLTQ1NmUtYWE0Mi1lNDRlMDQ4MDFlMzMiLCJlbWFpbCI6ImM2Zml5NXNnd3N6dnhwY3Q2MWRyc0B0ZXN0LmNvbSIsInJvbGUiOiJVU0VSIiwiaXNBZG1pbiI6ZmFsc2UsInNpZ25VcENvbXBsZXRlZCI6dHJ1ZSwicHJvdmlkZXIiOiJMT0NBTCIsImlhdCI6MTc1NjAyMDA3MiwiZXhwIjoxNzU2MTA2NDcyLCJhdWQiOiJtY2xhc3MtY2xpZW50IiwiaXNzIjoibWNsYXNzLXNlcnZlciJ9.34-Ff1NajEhM1n4lXYREy3WYyC-iXm_u_M0tUCHWaM4
splvg5rg74gi6zcb45g62@test.com,password123,eyJhbGciOiJIUzI1NiIsInR5cCI6IkpXVCJ9.eyJ1c2VySWQiOiJhOTAzMDY5MC0yNWJkLTQ5NTgtYmNiNS01MzdhZGVkZTc5ODgiLCJlbWFpbCI6InNwbHZnNXJnNzRnaTZ6Y2I0NWc2MkB0ZXN0LmNvbSIsInJvbGUiOiJVU0VSIiwiaXNBZG1pbiI6ZmFsc2UsInNpZ25VcENvbXBsZXRlZCI6dHJ1ZSwicHJvdmlkZXIiOiJMT0NBTCIsImlhdCI6MTc1NjAyMDA3NCwiZXhwIjoxNzU2MTA2NDc0LCJhdWQiOiJtY2xhc3MtY2xpZW50IiwiaXNzIjoibWNsYXNzLXNlcnZlciJ9.mIcA3d0k4scUoX0896aXcKA4AkgSHzmTyXgoukKpYO8
iiuka2a3gw9hvbeay593d@test.com,password123,eyJhbGciOiJIUzI1NiIsInR5cCI6IkpXVCJ9.eyJ1c2VySWQiOiJiZmFhZmY4ZS1jMGVhLTRhYjItYmI1YS0xOGU5YWIyMjJiZTIiLCJlbWFpbCI6ImlpdWthMmEzZ3c5aHZiZWF5NTkzZEB0ZXN0LmNvbSIsInJvbGUiOiJVU0VSIiwiaXNBZG1pbiI6ZmFsc2UsInNpZ25VcENvbXBsZXRlZCI6dHJ1ZSwicHJvdmlkZXIiOiJMT0NBTCIsImlhdCI6MTc1NjAyMDA3NCwiZXhwIjoxNzU2MTA2NDc0LCJhdWQiOiJtY2xhc3MtY2xpZW50IiwiaXNzIjoibWNsYXNzLXNlcnZlciJ9.d7mnndIIMf-PDc8Xj1eUep2GB2Gpwc4pb5UHsfgIl00
lnn850t8ezflpd6ow3yu9@test.com,password123,eyJhbGciOiJIUzI1NiIsInR5cCI6IkpXVCJ9.eyJ1c2VySWQiOiJkYmFlYzRlMi03ZjlmLTRjNTYtOTBhMy00ZDE4NjkxNGU1ZTgiLCJlbWFpbCI6Imxubjg1MHQ4ZXpmbHBkNm93M3l1OUB0ZXN0LmNvbSIsInJvbGUiOiJVU0VSIiwiaXNBZG1pbiI6ZmFsc2UsInNpZ25VcENvbXBsZXRlZCI6dHJ1ZSwicHJvdmlkZXIiOiJMT0NBTCIsImlhdCI6MTc1NjAyMDA3NSwiZXhwIjoxNzU2MTA2NDc1LCJhdWQiOiJtY2xhc3MtY2xpZW50IiwiaXNzIjoibWNsYXNzLXNlcnZlciJ9.LJopXrWAoJUHt7fL261VoPbYfUZdYxYBRK9Y_ACV_aQ
0zovjamtt63z4bj1777g4@test.com,password123,eyJhbGciOiJIUzI1NiIsInR5cCI6IkpXVCJ9.eyJ1c2VySWQiOiI3MDNlZjAzNi03MTcxLTRkNWYtYTRjMy1lMDM5YjhlMWRjZTQiLCJlbWFpbCI6IjB6b3ZqYW10dDYzejRiajE3NzdnNEB0ZXN0LmNvbSIsInJvbGUiOiJVU0VSIiwiaXNBZG1pbiI6ZmFsc2UsInNpZ25VcENvbXBsZXRlZCI6dHJ1ZSwicHJvdmlkZXIiOiJMT0NBTCIsImlhdCI6MTc1NjAyMDA3NiwiZXhwIjoxNzU2MTA2NDc2LCJhdWQiOiJtY2xhc3MtY2xpZW50IiwiaXNzIjoibWNsYXNzLXNlcnZlciJ9.98ajhCAcTQ3OIbFsjAh2NWvTGA2YFbrQw4jw6Y59e_w
tzlqmu1xap8fui3vzmogo@test.com,password123,eyJhbGciOiJIUzI1NiIsInR5cCI6IkpXVCJ9.eyJ1c2VySWQiOiJlNjg0OTBkMi1hOGIxLTQyNmYtOTdiOC0wM2M4MmE5YmYxOWYiLCJlbWFpbCI6InR6bHFtdTF4YXA4ZnVpM3Z6bW9nb0B0ZXN0LmNvbSIsInJvbGUiOiJVU0VSIiwiaXNBZG1pbiI6ZmFsc2UsInNpZ25VcENvbXBsZXRlZCI6dHJ1ZSwicHJvdmlkZXIiOiJMT0NBTCIsImlhdCI6MTc1NjAyMDA3NiwiZXhwIjoxNzU2MTA2NDc2LCJhdWQiOiJtY2xhc3MtY2xpZW50IiwiaXNzIjoibWNsYXNzLXNlcnZlciJ9.0QOqAVXep8a5P9PJf27W7pi94WEXTz6CyEmsncqb5Kw
ta0c7y3mdmme4qyl61vw6p@test.com,password123,eyJhbGciOiJIUzI1NiIsInR5cCI6IkpXVCJ9.eyJ1c2VySWQiOiI4MTE1ZGQ2My1hYTZkLTRjZDMtYmRmYy0xNTYyNzY1NjRmNDEiLCJlbWFpbCI6InRhMGM3eTNtZG1tZTRxeWw2MXZ3NnBAdGVzdC5jb20iLCJyb2xlIjoiVVNFUiIsImlzQWRtaW4iOmZhbHNlLCJzaWduVXBDb21wbGV0ZWQiOnRydWUsInByb3ZpZGVyIjoiTE9DQUwiLCJpYXQiOjE3NTYwMjAwNzcsImV4cCI6MTc1NjEwNjQ3NywiYXVkIjoibWNsYXNzLWNsaWVudCIsImlzcyI6Im1jbGFzcy1zZXJ2ZXIifQ.IwH7NdmivJIfmjNRVUtcrB2Yd8KiGKFM2XZToAJkYQw
z2loo88q7485lrq6cuczri@test.com,password123,eyJhbGciOiJIUzI1NiIsInR5cCI6IkpXVCJ9.eyJ1c2VySWQiOiIyZjBhNzdmMC1kY2E3LTQ0MjUtYWQ2My1iMTgzZmRlNGFkOGUiLCJlbWFpbCI6InoybG9vODhxNzQ4NWxycTZjdWN6cmlAdGVzdC5jb20iLCJyb2xlIjoiVVNFUiIsImlzQWRtaW4iOmZhbHNlLCJzaWduVXBDb21wbGV0ZWQiOnRydWUsInByb3ZpZGVyIjoiTE9DQUwiLCJpYXQiOjE3NTYwMjAwNzgsImV4cCI6MTc1NjEwNjQ3OCwiYXVkIjoibWNsYXNzLWNsaWVudCIsImlzcyI6Im1jbGFzcy1zZXJ2ZXIifQ.7FOowIWhlUxNm1dCxRTZYGdtZZryIefZMZYD5bneNao